n,nciId,formula,smiles,atoms,heavyAtoms,fragments,netCharge,radicalElectrons,status,detail,compositionOk,chargeOk,formulaParserOk,massOk,massDelta
1,1,C7H6O2,CC1=CC(=O)C=CC1=O,15,9,1,0,0,valid,,True,True,True,True,2.842170943040401e-14
2,2,C14H8N2S4,c1ccc2sc(SSc3nc4ccccc4s3)nc2c1,28,20,1,0,0,valid,,True,True,True,True,0.027999999999963165
3,3,C6H3ClN2O5,O=[N+]([O-])c1cc(Cl)c(O)c([N+](=O)[O-])c1,17,14,1,0,0,valid,,True,True,True,True,0.0029999999999290594
4,4,C3H3N3O2S,N=c1[nH]cc([N+](=O)[O-])s1,12,9,1,0,0,valid,,True,True,True,True,0.0069999999999765805
5,5,C14H9NO2,Nc1ccc2c(c1)C(=O)c1ccccc1C2=O,26,17,1,0,0,valid,,True,True,True,True,0
6,6,C20H10Br2O5,O=C(O)c1ccccc1-c1c2ccc(=O)c(Br)c-2oc2c(Br)c(O)ccc12,37,27,1,0,0,valid,,True,True,True,True,5.684341886080802e-14
7,7,C12H10ClNO2,CN(C)C1=C(Cl)C(=O)c2ccccc2C1=O,26,16,1,0,0,valid,,True,True,True,True,0.002999999999985903
8,8,C15H9NO4,Cc1ccc2c(c1[N+](=O)[O-])C(=O)c1ccccc1C2=O,29,20,1,0,0,valid,,True,True,True,True,0
9,9,C4H8N2O2,CC(=NO)C(C)=NO,16,8,1,0,0,valid,,True,True,True,True,1.4210854715202004e-14
10,10,C18H15P,c1ccc(P(c2ccccc2)c2ccccc2)cc1,34,19,1,0,0,valid,,True,True,True,True,5.684341886080802e-14
11,11,C14H22O2,CC(C)(C)c1cc(O)c(C(C)(C)C)cc1O,38,16,1,0,0,valid,,True,True,True,True,0
12,12,C10H10N2O,CC1=NN(c2ccccc2)C(=O)C1,23,13,1,0,0,valid,,True,True,True,True,0
13,13,C9H7ClN2,Nc1ccnc2cc(Cl)ccc12,19,12,1,0,0,valid,,True,True,True,True,0.002999999999985903
14,14,C11H23N,CCCCCCC1CCCCN1,35,12,1,0,0,valid,,True,True,True,True,0
15,15,C15H10O,O=Cc1c2ccccc2cc2ccccc12,26,16,1,0,0,valid,,True,True,True,True,2.842170943040401e-14
16,16,C4H4BrNO2,O=C1CCC(=O)N1Br,12,8,1,0,0,valid,,True,True,True,True,2.842170943040401e-14
17,17,C21H37NO,CCCCCCCCCCCCCCCc1cc(O)ccc1N,60,23,1,0,0,valid,,True,True,True,True,5.684341886080802e-14
18,18,C26H22O2,c1ccc(-c2ccccc2OCCOc2ccccc2-c2ccccc2)cc1,50,28,1,0,0,valid,,True,True,True,True,5.684341886080802e-14
19,19,C6H14S,CCCCSCC,21,7,1,0,0,valid,,True,True,True,True,0.006999999999990791
20,20,C10H9N3O2,CC(=O)Nc1ccc2c(O)ccnc2n1,24,15,1,0,0,valid,,True,True,True,True,5.684341886080802e-14
21,21,C9H9N3O,Cc1cc(O)nc2nc(N)ccc12,22,13,1,0,0,valid,,True,True,True,True,0
22,22,C11H11N3O3,CCOC(=O)c1cnc2nc(N)ccc2c1O,28,17,1,0,0,valid,,True,True,True,True,2.842170943040401e-14
23,23,C13H12N2,Cc1ccnc(N=Cc2ccccc2)c1,27,15,1,0,0,valid,,True,True,True,True,0
24,24,C10H16N+,C[N+](C)(C)Cc1ccccc1,27,11,1,1,0,valid,,True,True,True,True,2.842170943040401e-14
25,25,C10H14NO+,C[N+](C)(C)C(=O)c1ccccc1,26,12,1,1,0,valid,,True,True,True,True,0
26,26,C21H19I,ICCC(c1ccccc1)(c1ccccc1)c1ccccc1,41,22,1,0,0,valid,,True,True,True,True,1.1368683772161603e-13
27,27,C13H22N+,Cc1cc(C)c(C[N+](C)(C)C)c(C)c1,36,14,1,1,0,valid,,True,True,True,True,2.842170943040401e-14
28,28,C10H11NO5,CC(O)(CC(=O)O)c1ccc([N+](=O)[O-])cc1,27,16,1,0,0,valid,,True,True,True,True,0
29,29,C14H11ClO,Cc1ccc(C(=O)c2ccc(Cl)cc2)cc1,27,16,1,0,0,valid,,True,True,True,True,0.0030000000000143245
30,30,C7H7NO2,ON=Cc1ccc(O)cc1,17,10,1,0,0,valid,,True,True,True,True,2.842170943040401e-14
31,31,C9H13N,Cc1cc(C)c(N)c(C)c1,23,10,1,0,0,valid,,True,True,True,True,2.842170943040401e-14
32,32,C14H11NO3,Cc1ccc(C(=O)c2ccc([N+](=O)[O-])cc2)cc1,29,18,1,0,0,valid,,True,True,True,True,0
33,33,C14H14O,CC(O)(c1ccccc1)c1ccccc1,29,15,1,0,0,valid,,True,True,True,True,0
34,34,C7H6N2O3,O=[N+]([O-])c1cccc(C=NO)c1,18,12,1,0,0,valid,,True,True,True,True,2.842170943040401e-14
35,35,C9H5ClN2O3,O=[N+]([O-])c1cnc2cc(Cl)ccc2c1O,20,15,1,0,0,valid,,True,True,True,True,0.002999999999985903
36,36,C11H10ClN,Cc1cnc2cccc(C)c2c1Cl,23,13,1,0,0,valid,,True,True,True,True,0.0030000000000143245
37,37,C19H23NO2,CCC(CC)(c1ccccc1)C(OC(N)=O)c1ccccc1,45,22,1,0,0,valid,,True,True,True,True,0
38,38,C16H14N2O,N#CC(C(Cc1ccccc1)=NO)c1ccccc1,33,19,1,0,0,valid,,True,True,True,True,2.842170943040401e-14
39,39,C14H14O,OC(Cc1ccccc1)c1ccccc1,29,15,1,0,0,valid,,True,True,True,True,0
40,40,C15H16O2,COc1ccc(Cc2ccc(OC)cc2)cc1,33,17,1,0,0,valid,,True,True,True,True,0
41,41,C16H19N,Cc1ccccc1C(c1ccccc1)N(C)C,36,17,1,0,0,valid,,True,True,True,True,0
42,42,C7H7N3O5,COc1cc([N+](=O)[O-])c(N)c([N+](=O)[O-])c1,22,15,1,0,0,valid,,True,True,True,True,5.684341886080802e-14
43,43,C13H12N2,NN=C(c1ccccc1)c1ccccc1,27,15,1,0,0,valid,,True,True,True,True,2.842170943040401e-14
44,44,C8H9NO2,COc1ccc(C=NO)cc1,20,11,1,0,0,valid,,True,True,True,True,2.842170943040401e-14
45,45,C26H21N,c1ccc(C(=NC(c2ccccc2)c2ccccc2)c2ccccc2)cc1,48,27,1,0,0,valid,,True,True,True,True,5.684341886080802e-14
46,46,C19H15N,c1ccc(N=C(c2ccccc2)c2ccccc2)cc1,35,20,1,0,0,valid,,True,True,True,True,5.684341886080802e-14
47,47,C16H13NO,Cc1nc2ccccc2c(O)c1-c1ccccc1,31,18,1,0,0,valid,,True,True,True,True,2.842170943040401e-14
48,48,C14H24CuO4+4,CCC1=[O+][Cu]2([O+]=C(CC)C1)[O+]=C(CC)CC(CC)=[O+]2,43,19,1,4,0,unsupported,"O–Cu requires compound-specific organometallic, coordination, or crystal-structure rules; the generic Lewis model does not certify it.",True,True,True,True,5.684341886080802e-14
49,49,C15H14O2,O=C(O)C(Cc1ccccc1)c1ccccc1,31,17,1,0,0,valid,,True,True,True,True,5.684341886080802e-14
50,50,C8H12N2,CCc1cnc(C)cc1N,22,10,1,0,0,valid,,True,True,True,True,2.842170943040401e-14
51,51,C22H17NO,Cc1nc2ccccc2c(Oc2ccccc2)c1-c1ccccc1,41,24,1,0,0,valid,,True,True,True,True,5.684341886080802e-14
52,52,C21H17N,N#CC(c1ccccc1)C(c1ccccc1)c1ccccc1,39,22,1,0,0,valid,,True,True,True,True,0
53,53,C5H10N2,CC(C#N)N(C)C,17,7,1,0,0,valid,,True,True,True,True,0
54,54,C11H10O2,CC(=O)C1Cc2ccccc2C1=O,23,13,1,0,0,valid,,True,True,True,True,0
55,55,C14H14OS,O=S(Cc1ccccc1)Cc1ccccc1,30,16,1,0,0,valid,,True,True,True,True,0.007000000000005002
56,56,C17H17N,CC(c1ccccc1)C(C)(C#N)c1ccccc1,35,18,1,0,0,valid,,True,True,True,True,0
57,57,C9H12N2O,Cc1nc(O)nc2c1CCCC2,24,12,1,0,0,valid,,True,True,True,True,2.842170943040401e-14
58,58,C26H23N,c1ccc(C(NC(c2ccccc2)c2ccccc2)c2ccccc2)cc1,50,27,1,0,0,valid,,True,True,True,True,5.684341886080802e-14
59,59,C14H10N2O,Oc1nnc(-c2ccccc2)c2ccccc12,27,17,1,0,0,valid,,True,True,True,True,2.842170943040401e-14
60,60,C10H13NO,CC(C)(C(N)=O)c1ccccc1,25,12,1,0,0,valid,,True,True,True,True,2.842170943040401e-14
61,61,C20H16O2,O=C(O)C(c1ccccc1)(c1ccccc1)c1ccccc1,38,22,1,0,0,valid,,True,True,True,True,5.684341886080802e-14
62,62,C16H28N+,CCC[N+](CCC)(CCC)Cc1ccccc1,45,17,1,1,0,valid,,True,True,True,True,0
63,63,C17H18O,Cc1cc(C)c(CC(=O)c2ccccc2)c(C)c1,36,18,1,0,0,valid,,True,True,True,True,2.842170943040401e-14
64,64,C20H18O,COC(c1ccccc1)(c1ccccc1)c1ccccc1,39,21,1,0,0,valid,,True,True,True,True,0
65,65,C22H26O4,CCC(CC)(CC)C(OC(=O)c1ccccc1C(=O)O)c1ccccc1,52,26,1,0,0,valid,,True,True,True,True,1.1368683772161603e-13
66,66,C22H20O,CC(=O)C(Cc1ccccc1)(c1ccccc1)c1ccccc1,43,23,1,0,0,valid,,True,True,True,True,0
67,67,C14H14O2S,O=S(=O)(Cc1ccccc1)Cc1ccccc1,31,17,1,0,0,valid,,True,True,True,True,0.007000000000033424
68,68,C18H20O2,CC(C)(C)OC(=O)C(c1ccccc1)c1ccccc1,40,20,1,0,0,valid,,True,True,True,True,0
69,69,C21H17N,N#CC(Cc1ccccc1)(c1ccccc1)c1ccccc1,39,22,1,0,0,valid,,True,True,True,True,0
70,70,C15H14,CC(=Cc1ccccc1)c1ccccc1,29,15,1,0,0,valid,,True,True,True,True,0
71,71,C15H13N,N#CC(Cc1ccccc1)c1ccccc1,29,16,1,0,0,valid,,True,True,True,True,0
72,72,C16H16O3,CC(O)(c1ccccc1)C(C(=O)O)c1ccccc1,35,19,1,0,0,valid,,True,True,True,True,5.684341886080802e-14
73,73,C16H16O2,CC(c1ccccc1)C(C(=O)O)c1ccccc1,34,18,1,0,0,valid,,True,True,True,True,5.684341886080802e-14
74,74,C7H6ClNO,ON=Cc1ccc(Cl)cc1,16,10,1,0,0,valid,,True,True,True,True,0.002999999999985903
75,75,C14H14O,COC(c1ccccc1)c1ccccc1,29,15,1,0,0,valid,,True,True,True,True,0
76,76,C20H17NO,O=C(NC(c1ccccc1)c1ccccc1)c1ccccc1,39,22,1,0,0,valid,,True,True,True,True,0
77,77,C16H20N+,C[N+](C)(Cc1ccccc1)Cc1ccccc1,37,17,1,1,0,valid,,True,True,True,True,0
78,78,C34H28CuO4+4,C(=Cc1ccccc1)C1=[O+][Cu]2([O+]=C(C=Cc3ccccc3)CC(c3ccccc3)=[O+]2)[O+]=C(c2ccccc2)C1,67,39,1,4,0,unsupported,"O–Cu requires compound-specific organometallic, coordination, or crystal-structure rules; the generic Lewis model does not certify it.",True,True,True,True,2.2737367544323206e-13
79,79,C8H7NO3,ON=Cc1ccc2c(c1)OCO2,19,12,1,0,0,valid,,True,True,True,True,0
80,80,C14H17NO5,CCOC(=O)C(NC(=O)c1ccccc1)C(=O)OCC,37,20,1,0,0,valid,,True,True,True,True,0
81,81,C5H5ClN2,Nc1ccc(Cl)nc1,13,8,1,0,0,valid,,True,True,True,True,0.0030000000000143245
82,82,C18H21N,c1ccc(C(c2ccccc2)N2CCCCC2)cc1,40,19,1,0,0,valid,,True,True,True,True,2.842170943040401e-14
83,83,C13H12ClNO3,CCOC(=O)c1cnc2c(C)c(Cl)ccc2c1O,30,18,1,0,0,valid,,True,True,True,True,0.0030000000000427463
84,84,C13H17NO,CCN(CC)C(=O)C=Cc1ccccc1,32,15,1,0,0,valid,,True,True,True,True,0
85,85,C10H15N2O2+,C[N+](C)(C)Cc1ccc([N+](=O)[O-])cc1,29,14,1,1,0,valid,,True,True,True,True,0
86,86,C10H15N2O2+,C[N+](C)(C)Cc1cccc([N+](=O)[O-])c1,29,14,1,1,0,valid,,True,True,True,True,2.842170943040401e-14
87,87,C20H23NO,O=C(CC(c1ccccc1)N1CCCCC1)c1ccccc1,45,22,1,0,0,valid,,True,True,True,True,0
88,88,C16H19NO,COC(c1ccccc1)(c1ccccc1)N(C)C,37,18,1,0,0,valid,,True,True,True,True,2.842170943040401e-14
89,89,C11H15NO,CN(C)CCC(=O)c1ccccc1,28,13,1,0,0,valid,,True,True,True,True,2.842170943040401e-14
90,90,C10H21NO,CCCCN(CCCC)C(C)=O,33,12,1,0,0,valid,,True,True,True,True,2.842170943040401e-14
91,91,C8H10O,Cc1ccccc1CO,19,9,1,0,0,valid,,True,True,True,True,2.842170943040401e-14
92,92,C8H17NO2,CCN(CC)CCC(=O)OC,28,11,1,0,0,valid,,True,True,True,True,0
93,93,C14H13Cl,ClC(Cc1ccccc1)c1ccccc1,28,15,1,0,0,valid,,True,True,True,True,0.0030000000000427463
94,94,C8H14O2,CC(=O)CC(=O)CC(C)C,24,10,1,0,0,valid,,True,True,True,True,0
95,95,C7H14N2,CCN(CC)CCC#N,23,9,1,0,0,valid,,True,True,True,True,1.4210854715202004e-14
96,96,C9H9NO,COc1ccc(CC#N)cc1,20,11,1,0,0,valid,,True,True,True,True,2.842170943040401e-14
97,97,C14H15N,CN(Cc1ccccc1)c1ccccc1,30,15,1,0,0,valid,,True,True,True,True,2.842170943040401e-14
98,98,C11H13NO,COc1ccc(C(C)(C)C#N)cc1,26,13,1,0,0,valid,,True,True,True,True,2.842170943040401e-14
99,99,C18H22O,CCC(CC)(c1ccccc1)C(O)c1ccccc1,41,19,1,0,0,valid,,True,True,True,True,2.842170943040401e-14
100,100,C16H14O2,CC(=Cc1ccccc1)OC(=O)c1ccccc1,32,18,1,0,0,valid,,True,True,True,True,2.842170943040401e-14
101,101,C6H13NO,CCN(CC)C(C)=O,21,8,1,0,0,valid,,True,True,True,True,1.4210854715202004e-14
102,102,C16H25NO,CCCCOC(c1ccccc1)N1CCCCC1,43,18,1,0,0,valid,,True,True,True,True,0
103,103,C12H27N,CCCCCCCCN(CC)CC,40,13,1,0,0,valid,,True,True,True,True,2.842170943040401e-14
104,104,C10H14O,CCOC(C)c1ccccc1,25,11,1,0,0,valid,,True,True,True,True,2.842170943040401e-14
105,105,C7H15NO,CCC(=O)N(CC)CC,24,9,1,0,0,valid,,True,True,True,True,2.842170943040401e-14
106,106,C15H24O2,CCCCOC(OCCCC)c1ccccc1,41,17,1,0,0,valid,,True,True,True,True,0
107,107,C10H16Si,C[Si](C)(C)Cc1ccccc1,27,11,1,0,0,valid,,True,True,True,True,0.0010000000000047748
108,108,C19H28ClN3,CCN(CC)CCCCCCNc1ccnc2cc(Cl)ccc12,51,23,1,0,0,valid,,True,True,True,True,0.0030000000000995897
109,109,C10H12O2,CC(=O)c1cc(C)c(O)c(C)c1,24,12,1,0,0,valid,,True,True,True,True,0
110,110,C13H19NO4S,CCOC(=O)c1ccc(S(=O)(=O)N(CC)CC)cc1,38,19,1,0,0,valid,,True,True,True,True,0.007000000000005002
111,111,C7H7NO,CC(=O)c1ccncc1,16,9,1,0,0,valid,,True,True,True,True,2.842170943040401e-14
112,112,C14H24N+,Cc1cc(C)c(C[N+](C)(C)C)c(C)c1C,39,15,1,1,0,valid,,True,True,True,True,2.842170943040401e-14
113,113,C3H4F4O,OCC(F)(F)C(F)F,12,8,1,0,0,valid,,True,True,True,True,0
114,114,C5H4F8O,OCC(F)(F)C(F)(F)C(F)(F)C(F)F,18,14,1,0,0,valid,,True,True,True,True,5.684341886080802e-14
115,115,C7H4F12O,OCC(F)(F)C(F)(F)C(F)(F)C(F)(F)C(F)(F)C(F)F,24,20,1,0,0,valid,,True,True,True,True,5.684341886080802e-14
116,116,C15H12F16O4,O=C(CCCC(=O)OCC(F)(F)C(F)(F)C(F)(F)C(F)F)OCC(F)(F)C(F)(F)C(F)(F)C(F)F,47,35,1,0,0,valid,,True,True,True,True,3.410605131648481e-13
117,117,C16H14F16O4,CC(CC(=O)OCC(F)(F)C(F)(F)C(F)(F)C(F)F)CC(=O)OCC(F)(F)C(F)(F)C(F)(F)C(F)F,50,36,1,0,0,valid,,True,True,True,True,2.2737367544323206e-13
118,118,C22H24F24O4Si,CC(C)(C)O[Si](OCC(F)(F)C(F)(F)C(F)(F)C(F)(F)C(F)(F)C(F)F)(OCC(F)(F)C(F)(F)C(F)(F)C(F)(F)C(F)(F)C(F)F)OC(C)(C)C,75,51,1,0,0,valid,,True,True,True,True,0.0010000000004311005
119,119,C18H10F16O4,O=C(OCC(F)(F)C(F)(F)C(F)(F)C(F)F)c1ccccc1C(=O)OCC(F)(F)C(F)(F)C(F)(F)C(F)F,48,38,1,0,0,valid,,True,True,True,True,3.410605131648481e-13
120,120,C13H11NS,CN1c2ccccc2Sc2ccccc21,26,15,1,0,0,valid,,True,True,True,True,0.007000000000033424
121,121,C14H13NS,CCN1c2ccccc2Sc2ccccc21,29,16,1,0,0,valid,,True,True,True,True,0.007000000000033424
122,122,C14H12N2O3S,CCN1c2ccccc2S(=O)c2cc([N+](=O)[O-])ccc21,32,20,1,0,0,valid,,True,True,True,True,0.006999999999948159
123,123,C13H11NOS,CN1c2ccccc2S(=O)c2ccccc21,27,16,1,0,0,valid,,True,True,True,True,0.0069999999999765805
124,124,C14H10ClNOS,O=C(CCl)c1ccc2c(c1)Nc1ccccc1S2,28,18,1,0,0,valid,,True,True,True,True,0.010000000000047748
125,125,C19H24N2O2S,CC[N+]([O-])(CC)CCCN1c2ccccc2S(=O)c2ccccc21,48,24,1,0,0,valid,,True,True,True,True,0.007000000000118689
126,126,C14H11NO2S,COC(=O)c1cccc2c1Nc1ccccc1S2,29,18,1,0,0,valid,,True,True,True,True,0.007000000000005002
127,127,C16H12ClNO2S,CC(=O)N1c2ccccc2Sc2ccc(C(=O)CCl)cc21,33,21,1,0,0,valid,,True,True,True,True,0.010000000000047748
128,128,C18H13NOS,CC(=O)N1c2ccccc2Sc2c1ccc1ccccc21,34,21,1,0,0,valid,,True,True,True,True,0.007000000000005002
129,129,C17H11NS,c1ccc(-c2nc3cc4ccccc4cc3s2)cc1,30,19,1,0,0,valid,,True,True,True,True,0.007000000000005002
130,130,C8H7NOS,O=C1CSc2ccccc2N1,18,11,1,0,0,valid,,True,True,True,True,0.007000000000005002
131,131,C8H16N2O2Se2,C1CN([Se][Se]N2CCOCC2)CCO1,30,14,1,0,0,valid,,True,True,True,True,0.02199999999982083
132,132,C4H10N2O,CCN(CC)N=O,17,7,1,0,0,valid,,True,True,True,True,1.4210854715202004e-14
133,133,C6H14N2O,CCCN(CCC)N=O,23,9,1,0,0,valid,,True,True,True,True,0
134,134,C8H18N2O,CC(C)CN(CC(C)C)N=O,29,11,1,0,0,valid,,True,True,True,True,2.842170943040401e-14
135,135,C6H14N2O,CCCCN(CC)N=O,23,9,1,0,0,valid,,True,True,True,True,0
136,136,C16H34N2O,CCCCC(CC)CN(CC(CC)CCCC)N=O,53,19,1,0,0,valid,,True,True,True,True,5.684341886080802e-14
137,137,C7H8N2O,CN(N=O)c1ccccc1,18,10,1,0,0,valid,,True,True,True,True,2.842170943040401e-14
138,138,C5H10N2O,O=NN1CCCCC1,18,8,1,0,0,valid,,True,True,True,True,2.842170943040401e-14
139,139,C4H8N2O2,O=NN1CCOCC1,16,8,1,0,0,valid,,True,True,True,True,0
140,140,C12H20O4,CCCCOC(=O)C=CC(=O)OCCCC,36,16,1,0,0,valid,,True,True,True,True,8.526512829121202e-14
141,141,C2H3BrO2,O=C(O)CBr,8,5,1,0,0,valid,,True,True,True,True,2.842170943040401e-14
142,142,C2H3ClO2,O=C(O)CCl,8,5,1,0,0,valid,,True,True,True,True,0.0030000000000143245
143,143,C10H8O3,O=C(O)C=CC(=O)c1ccccc1,21,13,1,0,0,valid,,True,True,True,True,5.684341886080802e-14
144,144,C7H7NO2,Nc1ccccc1C(=O)O,17,10,1,0,0,valid,,True,True,True,True,2.842170943040401e-14
145,145,C6H7O3P,O=P(O)(O)c1ccccc1,17,10,1,0,0,valid,,True,True,True,True,2.842170943040401e-14
146,146,C6H6O3S,O=S(=O)(O)c1ccccc1,16,10,1,0,0,valid,,True,True,True,True,0.007000000000005002
147,147,C6H7NO3S,Nc1ccccc1S(=O)(=O)O,18,11,1,0,0,valid,,True,True,True,True,0.0069999999999765805
148,148,C6H3ClN2O7S,O=[N+]([O-])c1cc(S(=O)(=O)O)cc([N+](=O)[O-])c1Cl,20,17,1,0,0,valid,,True,True,True,True,0.009999999999990905
149,149,C7H6O2,O=C(O)c1ccccc1,15,9,1,0,0,valid,,True,True,True,True,4.263256414560601e-14
150,150,C7H4ClNO4,O=C(O)c1ccc([N+](=O)[O-])cc1Cl,17,13,1,0,0,valid,,True,True,True,True,0.002999999999957481
151,151,C13H14Cl2O3,CCCCC(=Cc1cc(Cl)c(O)c(Cl)c1)C(=O)O,32,18,1,0,0,valid,,True,True,True,True,0.006000000000028649
152,152,C16H12I2O3,O=C(O)C(=Cc1cc(I)c(O)c(I)c1)Cc1ccccc1,33,21,1,0,0,valid,,True,True,True,True,0
153,153,C13H14I2O3,CCCCC(=Cc1cc(I)c(O)c(I)c1)C(=O)O,32,18,1,0,0,valid,,True,True,True,True,5.684341886080802e-14
154,154,C15H20O3,CCCCCCC(=Cc1ccc(O)cc1)C(=O)O,38,18,1,0,0,valid,,True,True,True,True,2.842170943040401e-14
155,155,C15H9Br2IO3,O=C(O)C(=Cc1cc(Br)c(O)c(Br)c1)c1ccc(I)cc1,30,21,1,0,0,valid,,True,True,True,True,0
156,156,C15H9Cl2IO3,O=C(O)C(=Cc1cc(Cl)c(O)c(Cl)c1)c1ccc(I)cc1,30,21,1,0,0,valid,,True,True,True,True,0.006000000000028649
157,157,C15H9I3O3,O=C(O)C(=Cc1cc(I)c(O)c(I)c1)c1ccc(I)cc1,30,21,1,0,0,valid,,True,True,True,True,0
158,158,C10H10O3,CC(=Cc1ccc(O)cc1)C(=O)O,23,13,1,0,0,valid,,True,True,True,True,0
159,159,C15H10Br2O3,O=C(O)C(=Cc1cc(Br)cc(Br)c1O)c1ccccc1,30,20,1,0,0,valid,,True,True,True,True,5.684341886080802e-14
160,160,C15H10Br2O3,O=C(O)C(=Cc1cc(Br)c(O)c(Br)c1)c1ccccc1,30,20,1,0,0,valid,,True,True,True,True,5.684341886080802e-14
161,161,C15H10Cl2O3,O=C(O)C(=Cc1cc(Cl)c(O)c(Cl)c1)c1ccccc1,30,20,1,0,0,valid,,True,True,True,True,0.006000000000028649
162,162,C15H12O3,O=C(O)C(=Cc1cccc(O)c1)c1ccccc1,30,18,1,0,0,valid,,True,True,True,True,2.842170943040401e-14
163,163,C14H14N2O6S2,Nc1ccc(C=Cc2ccc(N)cc2S(=O)(=O)O)c(S(=O)(=O)O)c1,38,24,1,0,0,valid,,True,True,True,True,0.014000000000010004
164,164,C2H6O6S2,O=S(=O)(O)CCS(=O)(=O)O,16,10,1,0,0,valid,,True,True,True,True,0.013999999999981583
165,165,C6H10O7,O=C(O)C1OC(O)C(O)C(O)C1O,23,13,1,0,0,valid,,True,True,True,True,5.684341886080802e-14
166,166,C2H4O3,O=C(O)CO,9,5,1,0,0,valid,,True,True,True,True,0
167,167,C5H9BrO2,CC(C)C(Br)C(=O)O,17,8,1,0,0,valid,,True,True,True,True,0
168,168,C10H9NO3S,Nc1ccc(S(=O)(=O)O)c2ccccc12,24,15,1,0,0,valid,,True,True,True,True,0.007000000000005002
169,169,C19H17NO6S,CCOC(=O)N(c1ccccc1)c1ccc2c(O)cc(S(=O)(=O)O)cc2c1,44,27,1,0,0,valid,,True,True,True,True,0.007000000000061846
170,170,C10H15ClNO3P,CCOP(=O)(Nc1cccc(Cl)c1)OCC,31,16,1,0,0,valid,,True,True,True,True,0.0030000000000427463
171,171,C6H5NO2,O=C(O)c1ccccn1,14,9,1,0,0,valid,,True,True,True,True,4.263256414560601e-14
172,172,C3H5BrO2,CC(Br)C(=O)O,11,6,1,0,0,valid,,True,True,True,True,0
173,173,C3H5ClO2,CC(Cl)C(=O)O,11,6,1,0,0,valid,,True,True,True,True,0.002999999999971692
174,174,C3H5ClO2,O=C(O)CCCl,11,6,1,0,0,valid,,True,True,True,True,0.0030000000000001137
175,175,C3H4Br2O2,O=C(O)C(Br)CBr,11,7,1,0,0,valid,,True,True,True,True,2.842170943040401e-14
176,176,C7H5NO4,O=C(O)c1cccc(C(=O)O)n1,17,12,1,0,0,valid,,True,True,True,True,2.842170943040401e-14
177,177,C7H5NO4,O=C(O)c1ccc(C(=O)O)nc1,17,12,1,0,0,valid,,True,True,True,True,2.842170943040401e-14
178,178,C7H5NO4,O=C(O)c1ccncc1C(=O)O,17,12,1,0,0,valid,,True,True,True,True,2.842170943040401e-14
179,179,C3H4O3,CC(=O)C(=O)O,10,6,1,0,0,valid,,True,True,True,True,1.4210854715202004e-14
180,180,C7H6O3,O=C(O)c1ccccc1O,16,10,1,0,0,valid,,True,True,True,True,2.842170943040401e-14
181,181,C7H4N2O7,O=C(O)c1cc([N+](=O)[O-])cc([N+](=O)[O-])c1O,20,16,1,0,0,valid,,True,True,True,True,2.842170943040401e-14
182,182,C7H5NO5,O=C(O)c1cccc([N+](=O)[O-])c1O,18,13,1,0,0,valid,,True,True,True,True,2.842170943040401e-14
183,183,C7H5NO5,O=C(O)c1cc([N+](=O)[O-])ccc1O,18,13,1,0,0,valid,,True,True,True,True,2.842170943040401e-14
184,184,C5H9BrO2,CCCC(Br)C(=O)O,17,8,1,0,0,valid,,True,True,True,True,0
185,185,C15H23NO4,CC1CC(C)C(=O)C(C(O)CC2CC(=O)NC(=O)C2)C1,43,20,1,0,0,valid,,True,True,True,True,0
186,186,C13H14O5,CC1=C2C(=COC(C)C2C)C(O)=C(C(=O)O)C1=O,32,18,1,0,0,valid,,True,True,True,True,2.842170943040401e-14
187,187,C5H11NO2,CCCCOC(N)=O,19,8,1,0,0,valid,,True,True,True,True,0
188,188,C10H12ClNO2,Cc1ccccc1NC(=O)OCCCl,26,14,1,0,0,valid,,True,True,True,True,0.0030000000000143245
189,189,C9H10ClNO2,O=C(Nc1ccccc1)OCCCl,23,13,1,0,0,valid,,True,True,True,True,0.0030000000000427463
190,190,C6H11NO2,C=CCNC(=O)OCC,20,9,1,0,0,valid,,True,True,True,True,2.842170943040401e-14
191,191,C7H8S,Cc1ccc(S)cc1,16,8,1,0,0,valid,,True,True,True,True,0.006999999999990791
192,192,C12H6N4O8S2,O=[N+]([O-])c1ccc(SSc2ccc([N+](=O)[O-])cc2[N+](=O)[O-])c([N+](=O)[O-])c1,32,26,1,0,0,valid,,True,True,True,True,0.014000000000123691
193,193,C12H18O2,OC1(C#CC2(O)CCCC2)CCCC1,32,14,1,0,0,valid,,True,True,True,True,5.684341886080802e-14
194,194,C26H20O,O=C(c1ccccc1)C(c1ccccc1)(c1ccccc1)c1ccccc1,47,27,1,0,0,valid,,True,True,True,True,0
195,195,C3H8N2O,CNCC(N)=O,14,6,1,0,0,valid,,True,True,True,True,1.4210854715202004e-14
196,196,C14H11NO,O=C(C=Cc1cccnc1)c1ccccc1,27,16,1,0,0,valid,,True,True,True,True,2.842170943040401e-14
197,197,C14H11NO,O=C(C=Cc1ccccn1)c1ccccc1,27,16,1,0,0,valid,,True,True,True,True,2.842170943040401e-14
198,198,C15H15NO2,CC(C(=O)c1ccccc1)C(O)c1ccccn1,33,18,1,0,0,valid,,True,True,True,True,0
199,199,C13H22O2,CCC(C)(O)C#CC1(O)CCCCC1C,37,15,1,0,0,valid,,True,True,True,True,8.526512829121202e-14
200,200,C10H13NO,CC(=O)Nc1cc(C)cc(C)c1,25,12,1,0,0,valid,,True,True,True,True,0
201,201,C14H8O8S2,O=C1c2cccc(S(=O)(=O)O)c2C(=O)c2cccc(S(=O)(=O)O)c21,32,24,1,0,0,valid,,True,True,True,True,0.014000000000010004
202,202,C14H8O8S2,O=C1c2cccc(S(=O)(=O)O)c2C(=O)c2c1cccc2S(=O)(=O)O,32,24,1,0,0,valid,,True,True,True,True,0.014000000000010004
203,203,C12H8N2O4S2,O=[N+]([O-])c1ccccc1SSc1ccccc1[N+](=O)[O-],28,20,1,0,0,valid,,True,True,True,True,0.014000000000010004
204,204,C12H9ClN2,Clc1ccc(N=Cc2ccccc2)cn1,24,15,1,0,0,valid,,True,True,True,True,0.0030000000000143245
205,205,C15H12N2O5,O=C(Nc1ccccc1C(=O)O)Nc1ccccc1C(=O)O,34,22,1,0,0,valid,,True,True,True,True,5.684341886080802e-14
206,206,C16H20O2,CC(C)(O)c1cccc2c(C(C)(C)O)cccc12,38,18,1,0,0,valid,,True,True,True,True,0
207,207,C11H13NO3,COC(=N)CCOC(=O)c1ccccc1,28,15,1,0,0,valid,,True,True,True,True,2.842170943040401e-14
208,208,C14H14O2S,Cc1ccc(S(=O)(=O)c2ccc(C)cc2)cc1,31,17,1,0,0,valid,,True,True,True,True,0.007000000000005002
209,209,C14H10O2S2,O=C(SSC(=O)c1ccccc1)c1ccccc1,28,18,1,0,0,valid,,True,True,True,True,0.014000000000066848
210,210,C9H16O4,CC(C)(CCC(=O)O)CCC(=O)O,29,13,1,0,0,valid,,True,True,True,True,5.684341886080802e-14
211,211,C16H14O4S2,O=C(O)Cc1ccc(SSc2ccc(CC(=O)O)cc2)cc1,36,22,1,0,0,valid,,True,True,True,True,0.014000000000010004
212,212,C12H8Cl2O5S2,O=S(=O)(Cl)c1ccc(Oc2ccc(S(=O)(=O)Cl)cc2)cc1,29,21,1,0,0,valid,,True,True,True,True,0.020000000000038654
213,213,C14H10O4S2,O=C(O)c1ccccc1SSc1ccccc1C(=O)O,30,20,1,0,0,valid,,True,True,True,True,0.014000000000066848
214,214,C16H14O3,CC(=O)c1ccc(Oc2ccc(C(C)=O)cc2)cc1,33,19,1,0,0,valid,,True,True,True,True,0
215,215,C11H12O4,CCCC(=O)Oc1ccccc1C(=O)O,27,15,1,0,0,valid,,True,True,True,True,0
216,216,C12H14O2,CC(C)c1ccc(C=CC(=O)O)cc1,28,14,1,0,0,valid,,True,True,True,True,2.842170943040401e-14
217,217,C8H10N2O3S,CC(=O)Nc1ccc(S(N)(=O)=O)cc1,24,14,1,0,0,valid,,True,True,True,True,0.0069999999999765805
218,218,C6H4Cl2N2O2,Nc1c(Cl)cc([N+](=O)[O-])cc1Cl,16,12,1,0,0,valid,,True,True,True,True,0.005999999999943384
219,219,C16H18O3,CC(O)c1ccc(Oc2ccc(C(C)O)cc2)cc1,37,19,1,0,0,valid,,True,True,True,True,0
220,220,C36H56N2O2S2,CCCCCCCCCCCC(=O)Nc1ccc(SSc2ccc(NC(=O)CCCCCCCCCCC)cc2)cc1,98,42,1,0,0,valid,,True,True,True,True,0.014000000000237378
221,221,C5H10ClNS,CCSC(=N)CCCl,18,8,1,0,0,valid,,True,True,True,True,0.009999999999990905
222,222,C16H12Br2O2,O=C(CCC(=O)c1ccc(Br)cc1)c1ccc(Br)cc1,32,20,1,0,0,valid,,True,True,True,True,0
223,223,C13H16O4,CCCCCC(=O)Oc1ccccc1C(=O)O,33,17,1,0,0,valid,,True,True,True,True,0
224,224,C7H13NS,CC(=S)N1CCCCC1,22,9,1,0,0,valid,,True,True,True,True,0.007000000000005002
225,225,C14H12O2,CC(=O)c1cccc2c(C(C)=O)cccc12,28,16,1,0,0,valid,,True,True,True,True,2.842170943040401e-14
226,226,C8H17NO2,CCOC(=O)CCCCCN,28,11,1,0,0,valid,,True,True,True,True,0
227,227,C14H14O2S,Cc1ccc(S(=O)(=O)Cc2ccccc2)cc1,31,17,1,0,0,valid,,True,True,True,True,0.007000000000005002
228,228,C10H20N2O4,NC(CCCCCCC(N)C(=O)O)C(=O)O,36,16,1,0,0,valid,,True,True,True,True,2.842170943040401e-14
229,229,C10H8S2,Sc1cccc2c(S)cccc12,20,12,1,0,0,valid,,True,True,True,True,0.014000000000010004
230,230,C16H18O,C=C(C)CC(C)(O)c1cccc2ccccc12,35,17,1,0,0,valid,,True,True,True,True,2.842170943040401e-14
231,231,C14H12N2O,Nc1ccc(C(=O)C=Cc2ccccn2)cc1,29,17,1,0,0,valid,,True,True,True,True,2.842170943040401e-14
232,232,C5H10N2,CN(C)CCC#N,17,7,1,0,0,valid,,True,True,True,True,1.4210854715202004e-14
233,233,C10H16O5,CCOC(=O)CC(C(C)=O)C(=O)OCC,31,15,1,0,0,valid,,True,True,True,True,5.684341886080802e-14
234,234,C14H20,CCCC=C(C)C#CC1=CCCCC1,34,14,1,0,0,valid,,True,True,True,True,5.684341886080802e-14
235,235,C5H7NO2,CC(=O)OCCC#N,15,8,1,0,0,valid,,True,True,True,True,1.4210854715202004e-14
236,236,C8H15NO2,CCOC(=O)N1CCCCC1,26,11,1,0,0,valid,,True,True,True,True,2.842170943040401e-14
237,237,C10H9NO2,N#CCCOC(=O)c1ccccc1,22,13,1,0,0,valid,,True,True,True,True,2.842170943040401e-14
238,238,C15H24,CC12CCCCC1C1=C(CCCC1)CC2,39,15,1,0,0,valid,,True,True,True,True,8.526512829121202e-14
239,239,C7H13NO,CC(=O)N1CCCCC1,22,9,1,0,0,valid,,True,True,True,True,1.4210854715202004e-14
240,240,C14H18,c1cc2c(c3c1CCCC3)CCCC2,32,14,1,0,0,valid,,True,True,True,True,8.526512829121202e-14
241,241,C9H20O2,CCCCOCOCCCC,31,11,1,0,0,valid,,True,True,True,True,0
242,242,C12H24O2S,COC(=O)CCCCCCCCCCS,39,15,1,0,0,valid,,True,True,True,True,0.006999999999948159
243,243,C24H30O2S3,CC(=O)CC(SCCSCCSC(CC(C)=O)c1ccccc1)c1ccccc1,59,29,1,0,0,valid,,True,True,True,True,0.021000000000128694
244,244,C20H27BrHgO3,COC(c1ccccc1)[CH]([Hg][Br])C(=O)OC1CC2CCC1(C)C2(C)C,52,25,1,0,0,unsupported,"C–Hg requires compound-specific organometallic, coordination, or crystal-structure rules; the generic Lewis model does not certify it.",True,True,True,True,0.0019999999996116458
245,245,C27H22O,O=C(CC(c1ccccc1)(c1ccccc1)c1ccccc1)c1ccccc1,50,28,1,0,0,valid,,True,True,True,True,5.684341886080802e-14
246,246,C6H12S2,CC(=S)SCC(C)C,20,8,1,0,0,valid,,True,True,True,True,0.013999999999981583
247,247,C6H5Cl2N,Nc1ccc(Cl)c(Cl)c1,14,9,1,0,0,valid,,True,True,True,True,0.006000000000000227
248,248,H2FO3P,O=P(O)(O)F,7,5,1,0,0,valid,,True,True,True,True,1.4210854715202004e-14
249,249,C20H18ClN2O3P,CC(=NNP(=O)(Oc1ccccc1)Oc1ccccc1)c1ccc(Cl)cc1,45,27,1,0,0,valid,,True,True,True,True,0.003000000000156433
250,250,C6H9N2OP,NP(N)(=O)c1ccccc1,19,10,1,0,0,valid,,True,True,True,True,0
251,251,C3H5N5,Nc1ncnc(N)n1,13,8,1,0,0,valid,,True,True,True,True,0
252,252,H4N2O2S,NS(N)(=O)=O,9,5,1,0,0,valid,,True,True,True,True,0.006999999999990791
253,253,H6B4N2O7,NN.OB1OB(OB2OB(O)O2)O1,19,13,2,0,0,valid,The canvas contains 2 disconnected components; treat it as a mixture unless the components are intentionally separate ions.,True,True,True,True,0.007999999999981355
254,254,C18H22NO3P,O=P(NC1CCCCC1)(Oc1ccccc1)Oc1ccccc1,45,23,1,0,0,valid,,True,True,True,True,5.684341886080802e-14
255,255,C12H25N2O4P,CCCCOP(=O)(N1CCOCC1)N1CCOCC1,44,19,1,0,0,valid,,True,True,True,True,5.684341886080802e-14
256,256,C8H12NO2P,CCOP(N)(=O)c1ccccc1,24,12,1,0,0,valid,,True,True,True,True,5.684341886080802e-14
257,257,C4H7N5,Cc1nc(N)nc(N)n1,16,9,1,0,0,valid,,True,True,True,True,2.842170943040401e-14
258,258,C6H11N4PS,NNP(=S)(NN)c1ccccc1,23,12,1,0,0,valid,,True,True,True,True,0.007000000000061846
259,259,C7H10N4S,NNC(=S)NNc1ccccc1,22,12,1,0,0,valid,,True,True,True,True,0.007000000000033424
260,260,C4H12N2O2S,CCNS(=O)(=O)NCC,21,9,1,0,0,valid,,True,True,True,True,0.007000000000005002
261,261,C7H15N3OS,CC(=O)CC(C)(C)NNC(N)=S,27,12,1,0,0,valid,,True,True,True,True,0.007000000000005002
262,262,C18H18N3OP,O=P(Nc1ccccc1)(Nc1ccccc1)Nc1ccccc1,41,23,1,0,0,valid,,True,True,True,True,5.684341886080802e-14
263,263,H3NO9S3,O=S(=O)(O)N(S(=O)(=O)O)S(=O)(=O)O,16,13,1,0,0,valid,,True,True,True,True,0.021000000000015007
264,264,C2H6N4O2,NNC(=O)C(=O)NN,14,8,1,0,0,valid,,True,True,True,True,0
265,265,C9H9N7O2,O=C(NN=Cc1ccccc1O)Nc1nnn[nH]1,27,18,1,0,0,valid,,True,True,True,True,5.684341886080802e-14
266,266,C3H8N6O3,NC(=O)NNC(=O)NNC(N)=O,20,12,1,0,0,valid,,True,True,True,True,0
267,267,C8H9N3S,NC(=S)NN=Cc1ccccc1,21,12,1,0,0,valid,,True,True,True,True,0.007000000000033424
268,268,C17H18N4S,CC(=NNC(=S)NN=C(C)c1ccccc1)c1ccccc1,40,22,1,0,0,valid,,True,True,True,True,0.007000000000005002
269,269,C16H14Cl2N2,CC(=NN=C(C)c1ccc(Cl)cc1)c1ccc(Cl)cc1,34,20,1,0,0,valid,,True,True,True,True,0.005999999999914962
270,270,C4H7N5O2,CCOC(=O)Nc1nnn[nH]1,18,11,1,0,0,valid,,True,True,True,True,0
271,271,CH5NO2S,CS(N)(=O)=O,10,5,1,0,0,valid,,True,True,True,True,0.006999999999990791
272,272,C4H8N2O3,CCOC(=O)NC(N)=O,17,9,1,0,0,valid,,True,True,True,True,0
273,273,C14H8N2,N#Cc1c2ccccc2nc2ccccc12,24,16,1,0,0,valid,,True,True,True,True,2.842170943040401e-14
274,274,C14H8Cl2O2,O=C(C(=O)c1ccc(Cl)cc1)c1ccc(Cl)cc1,26,18,1,0,0,valid,,True,True,True,True,0.005999999999914962
275,275,C20H24N2O2,O=C(NCCCCCCNC(=O)c1ccccc1)c1ccccc1,48,24,1,0,0,valid,,True,True,True,True,1.1368683772161603e-13
276,276,C27H28N2O2,O=C(CC(C(=O)c1ccccc1)N1CCN(Cc2ccccc2)CC1)c1ccccc1,59,31,1,0,0,valid,,True,True,True,True,1.7053025658242404e-13
277,277,C6H4ClNO2,O=C(O)c1ccc(Cl)nc1,14,10,1,0,0,valid,,True,True,True,True,0.002999999999957481
278,278,C16H16O3,O=C1C(O)=C(C2CCCCC2)C(=O)c2ccccc21,35,19,1,0,0,valid,,True,True,True,True,5.684341886080802e-14
279,279,C20H23NO,O=C(c1ccccc1)C(Cc1ccccc1)N1CCCCC1,45,22,1,0,0,valid,,True,True,True,True,1.1368683772161603e-13
280,280,C24H40N3O4P,CCCCN(CCCC)CCCNc1c2c(nc3ccccc13)CCCC2.O=P(O)(O)O,72,32,2,0,0,valid,The canvas contains 2 disconnected components; treat it as a mixture unless the components are intentionally separate ions.,True,True,True,True,5.684341886080802e-14
281,281,C14H9Cl2N,Clc1cc(Cl)c2[nH]c(-c3ccccc3)cc2c1,26,17,1,0,0,valid,,True,True,True,True,0.006000000000028649
282,282,C7H8N2O2,NNc1ccccc1C(=O)O,19,11,1,0,0,valid,,True,True,True,True,2.842170943040401e-14
283,283,C6H7N3O2,Nc1cc(N)cc([N+](=O)[O-])c1,18,11,1,0,0,valid,,True,True,True,True,2.842170943040401e-14
284,284,C6H5N3O4,Nc1cc([N+](=O)[O-])cc([N+](=O)[O-])c1,18,13,1,0,0,valid,,True,True,True,True,0
285,285,C10H14O2,CC12CCC(C(=O)C1=O)C2(C)C,26,12,1,0,0,valid,,True,True,True,True,2.842170943040401e-14
286,286,C7H8N2O2,Cc1cccc([N+](=O)[O-])c1N,19,11,1,0,0,valid,,True,True,True,True,2.842170943040401e-14
287,287,C11H16O2,CCOC(OCC)c1ccccc1,29,13,1,0,0,valid,,True,True,True,True,5.684341886080802e-14
288,288,C7H7IN2O2,NNc1ccc(I)cc1C(=O)O,19,12,1,0,0,valid,,True,True,True,True,0
289,289,C7H6BrNO2,Cc1ccc(Br)c([N+](=O)[O-])c1,17,11,1,0,0,valid,,True,True,True,True,0
290,290,C14H9Br2N,Brc1cc(Br)c2[nH]c(-c3ccccc3)cc2c1,26,17,1,0,0,valid,,True,True,True,True,0
291,291,C16H11NO2,O=C1OC(c2ccccc2)=NC1=Cc1ccccc1,30,19,1,0,0,valid,,True,True,True,True,5.684341886080802e-14
292,292,C5H10O2,CC1CCOCO1,17,7,1,0,0,valid,,True,True,True,True,0
293,293,C7H6INO2,Cc1cc([N+](=O)[O-])ccc1I,17,11,1,0,0,valid,,True,True,True,True,0
294,294,C7H6INO2,Cc1ccc(I)c([N+](=O)[O-])c1,17,11,1,0,0,valid,,True,True,True,True,0
295,295,C10H12O2,O=C(O)CCCc1ccccc1,24,12,1,0,0,valid,,True,True,True,True,2.842170943040401e-14
296,296,C14H12O2,Cc1ccc(O)c(C(=O)c2ccccc2)c1,28,16,1,0,0,valid,,True,True,True,True,0
297,297,C14H12O2,Cc1cc(C(=O)c2ccccc2)ccc1O,28,16,1,0,0,valid,,True,True,True,True,0
298,298,C10H7NO2,N#CC(=Cc1ccccc1)C(=O)O,20,13,1,0,0,valid,,True,True,True,True,0
299,299,C9H8INO3,CC(=O)Nc1ccc(I)cc1C(=O)O,22,14,1,0,0,valid,,True,True,True,True,0
300,300,C6H5BrClNO3S,Nc1c(Cl)cc(S(=O)(=O)O)cc1Br,18,13,1,0,0,valid,,True,True,True,True,0.009999999999990905
301,301,C12H10O2,O=C(O)Cc1ccc2ccccc2c1,24,14,1,0,0,valid,,True,True,True,True,0
302,302,C7H6INO2,Nc1ccc(I)cc1C(=O)O,17,11,1,0,0,valid,,True,True,True,True,0
303,303,C7H5ClN2O,O=c1[nH][nH]c2c(Cl)cccc12,16,11,1,0,0,valid,,True,True,True,True,0.002999999999985903
304,304,C5H8N2O,CC1=NN(C)C(=O)C1,16,8,1,0,0,valid,,True,True,True,True,1.4210854715202004e-14
305,305,C6H5Br2N,Nc1c(Br)cccc1Br,14,9,1,0,0,valid,,True,True,True,True,2.842170943040401e-14
306,306,C9H10BrNO,CC(=O)Nc1cc(C)cc(Br)c1,22,12,1,0,0,valid,,True,True,True,True,2.842170943040401e-14
307,307,C10H18O3,CCOC(=O)CC1(O)CCCCC1,31,13,1,0,0,valid,,True,True,True,True,5.684341886080802e-14
308,308,C12H8Br4N2,Brc1cc(Br)cc(NNc2cc(Br)cc(Br)c2)c1,26,18,1,0,0,valid,,True,True,True,True,0
309,309,C14H16N2,Cc1ccccc1NNc1ccccc1C,32,16,1,0,0,valid,,True,True,True,True,2.842170943040401e-14
310,310,C24H18N2,c1ccc(-c2ccc(N=Nc3ccc(-c4ccccc4)cc3)cc2)cc1,44,26,1,0,0,valid,,True,True,True,True,0
311,311,C8H8ClNO,O=C(CCl)Nc1ccccc1,19,11,1,0,0,valid,,True,True,True,True,0.0030000000000143245
312,312,C23H28N2O3,O=C(c1ccccc1)C(C(c1ccccc1)N1CCOCC1)N1CCOCC1,56,28,1,0,0,valid,,True,True,True,True,2.2737367544323206e-13
313,313,C8H10N2O3S,Cc1ccc(S(=O)(=O)N(C)N=O)cc1,24,14,1,0,0,valid,,True,True,True,True,0.007000000000005002
314,314,C16H16N2O2,O=C(NCc1ccccc1)C(=O)NCc1ccccc1,36,20,1,0,0,valid,,True,True,True,True,0
315,315,C22H19NO2,CC(=O)N(c1ccccc1)C(C(=O)c1ccccc1)c1ccccc1,44,25,1,0,0,valid,,True,True,True,True,1.1368683772161603e-13
316,316,C16H14,C(C=Cc1ccccc1)=Cc1ccccc1,30,16,1,0,0,valid,,True,True,True,True,0
317,317,C14H24N2O2,O=C(NC1CCCCC1)C(=O)NC1CCCCC1,42,18,1,0,0,valid,,True,True,True,True,2.842170943040401e-14
318,318,C11H13NO2,O=C1C(O)CCN1Cc1ccccc1,27,14,1,0,0,valid,,True,True,True,True,2.842170943040401e-14
319,319,C10H17NO2,O=C1C(O)CCN1C1CCCCC1,30,13,1,0,0,valid,,True,True,True,True,2.842170943040401e-14
320,320,C18H16Cl2N2O4,CC(=O)N(CC(=O)N(CC(=O)O)c1ccc(Cl)cc1)c1ccc(Cl)cc1,42,26,1,0,0,valid,,True,True,True,True,0.006000000000142336
321,321,C13H15NO5,CCOC(=O)C(=O)N(CCC(=O)O)c1ccccc1,34,19,1,0,0,valid,,True,True,True,True,0
322,322,C9H10N2O,Oc1ccccc1C1=NCCN1,22,12,1,0,0,valid,,True,True,True,True,2.842170943040401e-14
323,323,C10H9Br3O,O=C(CBr)C(Br)C(Br)c1ccccc1,23,14,1,0,0,valid,,True,True,True,True,5.684341886080802e-14
324,324,C11H14N4O7,O=C(NCCNCCO)c1cc([N+](=O)[O-])cc([N+](=O)[O-])c1O,36,22,1,0,0,valid,,True,True,True,True,5.684341886080802e-14
325,325,C13H13NO4,COC(=O)C1CN(Cc2ccccc2)C(=O)C1=O,31,18,1,0,0,valid,,True,True,True,True,2.842170943040401e-14
326,326,C8H11NO4,CCOC(=O)C1CN(C)C(=O)C1=O,24,13,1,0,0,valid,,True,True,True,True,2.842170943040401e-14
327,327,C9H13NO4,CCOC(=O)C1CN(CC)C(=O)C1=O,27,14,1,0,0,valid,,True,True,True,True,5.684341886080802e-14
328,328,C10H15NO4,CCCN1CC(C(=O)OCC)C(=O)C1=O,30,15,1,0,0,valid,,True,True,True,True,5.684341886080802e-14
329,329,C10H15NO4,CCOC(=O)C1CN(C(C)C)C(=O)C1=O,30,15,1,0,0,valid,,True,True,True,True,2.842170943040401e-14
330,330,C11H17NO4,CCCCN1CC(C(=O)OCC)C(=O)C1=O,33,16,1,0,0,valid,,True,True,True,True,5.684341886080802e-14
331,331,C11H17NO4,CCOC(=O)C1CN(CC(C)C)C(=O)C1=O,33,16,1,0,0,valid,,True,True,True,True,2.842170943040401e-14
332,332,C11H17NO4,CCOC(=O)C1CN(C(C)(C)C)C(=O)C1=O,33,16,1,0,0,valid,,True,True,True,True,2.842170943040401e-14
333,333,C13H13NO4,CCOC(=O)C1CN(c2ccccc2)C(=O)C1=O,31,18,1,0,0,valid,,True,True,True,True,0
334,334,C14H15NO4,CCOC(=O)C1CN(Cc2ccccc2)C(=O)C1=O,34,19,1,0,0,valid,,True,True,True,True,0
335,335,C15H17NO4,CCOC(=O)C1CN(CCc2ccccc2)C(=O)C1=O,37,20,1,0,0,valid,,True,True,True,True,0
336,336,C6H14N2O,CC(C)N(N=O)C(C)C,23,9,1,0,0,valid,,True,True,True,True,2.842170943040401e-14
337,337,C12H22N2O,O=NN(C1CCCCC1)C1CCCCC1,37,15,1,0,0,valid,,True,True,True,True,5.684341886080802e-14
338,338,C14H14N2O,O=NN(Cc1ccccc1)Cc1ccccc1,31,17,1,0,0,valid,,True,True,True,True,0
339,339,C4H8N4O2,O=NN1CCN(N=O)CC1,18,10,1,0,0,valid,,True,True,True,True,2.842170943040401e-14
340,340,C11H15Br,Cc1c(C)c(C)c(Br)c(C)c1C,27,12,1,0,0,valid,,True,True,True,True,2.842170943040401e-14
341,341,C11H16O,COCc1c(C)cc(C)cc1C,28,12,1,0,0,valid,,True,True,True,True,0
342,342,C15H14O2,Cc1cc(C(=O)c2ccccc2)cc(C)c1O,31,17,1,0,0,valid,,True,True,True,True,2.842170943040401e-14
343,343,C12H15N,CCC(C#N)(CC)c1ccccc1,28,13,1,0,0,valid,,True,True,True,True,0
344,344,C13H21N,Cc1cc(C)c(CCN(C)C)c(C)c1,35,14,1,0,0,valid,,True,True,True,True,2.842170943040401e-14
345,345,C8H12O4,CCOC(=O)C(C(C)=O)C(C)=O,24,12,1,0,0,valid,,True,True,True,True,2.842170943040401e-14
346,346,C9H6N2O2,O=[N+]([O-])c1cccc2cccnc12,19,13,1,0,0,valid,,True,True,True,True,0
347,347,C11H20O2,CCCCC(CC)C(=O)CC(C)=O,33,13,1,0,0,valid,,True,True,True,True,0
348,348,C10H11ClO,CC(=O)CCc1ccc(Cl)cc1,23,12,1,0,0,valid,,True,True,True,True,0.0030000000000143245
349,349,C11H17NO,COc1ccc(C)c(CN(C)C)c1,30,13,1,0,0,valid,,True,True,True,True,0
350,350,C12H20N+,CC(C)(c1ccccc1)[N+](C)(C)C,33,13,1,1,0,valid,,True,True,True,True,5.684341886080802e-14
351,351,C14H23N,Cc1cc(C)c(CCN(C)C)c(C)c1C,38,15,1,0,0,valid,,True,True,True,True,2.842170943040401e-14
352,352,C14H26N2+2,C[N+](C)(C)Cc1ccccc1C[N+](C)(C)C,42,16,1,2,0,valid,,True,True,True,True,0
353,353,C21H26ClN3O,CCN(CC)CCCNc1c2ccc(Cl)cc2nc2ccc(OC)cc12,52,26,1,0,0,valid,,True,True,True,True,0.0030000000000427463
354,354,C9H10O2,COCC(=O)c1ccccc1,21,11,1,0,0,valid,,True,True,True,True,0
355,355,C20H33ClN3O4P,CCN(CC)CCCC(C)Nc1c(C)cnc2cc(Cl)c(C)cc12.O=P(O)(O)O,62,29,2,0,0,valid,The canvas contains 2 disconnected components; treat it as a mixture unless the components are intentionally separate ions.,True,True,True,True,0.003000000000156433
356,356,C10H18O2,CCCCCC(=O)CC(=O)CC,30,12,1,0,0,valid,,True,True,True,True,0
357,357,C14H22O,CCC(CC)(CC)C(O)c1ccccc1,37,15,1,0,0,valid,,True,True,True,True,0
358,358,C13H18O3,CC(C)(C)OC(=O)CC(O)c1ccccc1,34,16,1,0,0,valid,,True,True,True,True,2.842170943040401e-14
359,359,C13H4Cl4N2S,N#Cc1cc(Cl)c2c(c1Cl)Nc1c(Cl)ccc(Cl)c1S2,24,20,1,0,0,valid,,True,True,True,True,0.019000000000005457
360,360,C17H17NO,CN(C)c1ccc(C=CC(=O)c2ccccc2)cc1,36,19,1,0,0,valid,,True,True,True,True,0
361,361,C18H29NO2,CCCCN(CCCC)C(=O)CC(C)(O)c1ccccc1,50,21,1,0,0,valid,,True,True,True,True,0
362,362,C11H11NO2,CCOC(=O)C(C#N)c1ccccc1,25,14,1,0,0,valid,,True,True,True,True,5.684341886080802e-14
363,363,C15H17N,CN(C)C(c1ccccc1)c1ccccc1,33,16,1,0,0,valid,,True,True,True,True,0
364,364,C14H10Cl2O2,O=C(c1ccc(Cl)cc1)C(O)c1ccc(Cl)cc1,28,18,1,0,0,valid,,True,True,True,True,0.005999999999971806
365,365,C10H18O2,CCCC(=O)CC(=O)CC(C)C,30,12,1,0,0,valid,,True,True,True,True,0
366,366,C8H16N2,CCN(CC)CCCC#N,26,10,1,0,0,valid,,True,True,True,True,0
367,367,C12H14O3,CCC(C(=O)OC)C(=O)c1ccccc1,29,15,1,0,0,valid,,True,True,True,True,0
368,368,C25H31N3O4,CC(=O)Nc1ccc(C(=O)C(C(c2ccccc2)N2CCOCC2)N2CCOCC2)cc1,63,32,1,0,0,valid,,True,True,True,True,3.410605131648481e-13
369,369,C24H28N2O4,O=C(c1ccccc1)C(C(C(=O)c1ccccc1)N1CCOCC1)N1CCOCC1,58,30,1,0,0,valid,,True,True,True,True,2.8421709430404007e-13
370,370,C22H17NO,O=C(C=Cc1ccccc1)c1ccc(N=Cc2ccccc2)cc1,41,24,1,0,0,valid,,True,True,True,True,0
371,371,C15H13NO,Nc1ccc(C(=O)C=Cc2ccccc2)cc1,30,17,1,0,0,valid,,True,True,True,True,5.684341886080802e-14
372,372,C20H22N2O3,CCOC(=O)Nc1ccc(C(=O)C=Cc2ccc(N(C)C)cc2)cc1,47,25,1,0,0,valid,,True,True,True,True,1.1368683772161603e-13
373,373,C19H20N2O2,CC(=O)Nc1ccc(C(=O)C=Cc2ccc(N(C)C)cc2)cc1,43,23,1,0,0,valid,,True,True,True,True,0
374,374,C21H24N2O2,CCN(CC)c1ccc(C=CC(=O)c2ccc(NC(C)=O)cc2)cc1,49,25,1,0,0,valid,,True,True,True,True,5.684341886080802e-14
375,375,C10H15N2O3S,CCCCOc1ccc(NC[S](=O)=O)cn1,31,16,1,0,1,open,"The total valence-electron count is odd, so the structure is a radical or an incomplete electron assignment.",True,True,True,True,0.0069999999999765805
376,376,C10H11N3O3S2,C=O.Nc1ccc(S(=O)(=O)Nc2nccs2)cc1,29,18,2,0,0,valid,The canvas contains 2 disconnected components; treat it as a mixture unless the components are intentionally separate ions.,True,True,True,True,0.014000000000066848
377,377,C25H20O4,O=C1C(O)=C(CCCc2ccc(Oc3ccccc3)cc2)C(=O)c2ccccc21,49,29,1,0,0,valid,,True,True,True,True,1.7053025658242404e-13
378,378,C6H4ClNO2,O=C(O)c1cccnc1Cl,14,10,1,0,0,valid,,True,True,True,True,0.0030000000000143245
379,379,C9H8O4S,O=C(O)CSc1ccccc1C(=O)O,22,14,1,0,0,valid,,True,True,True,True,0.007000000000005002
380,380,C14H12O2,O=C1C2=C(CCCC2)C(=O)c2ccccc21,28,16,1,0,0,valid,,True,True,True,True,2.842170943040401e-14
381,381,C27H46N3O5P,CCCCCN(CCCCC)CCCNc1c2c(nc3ccc(OC)cc13)CCCC2.O=P(O)(O)O,82,36,2,0,0,valid,The canvas contains 2 disconnected components; treat it as a mixture unless the components are intentionally separate ions.,True,True,True,True,3.410605131648481e-13
382,382,C18H30N2,CCCCN(CCCC)C(=N)c1c(C)cc(C)cc1C,50,20,1,0,0,valid,,True,True,True,True,0
383,383,C6H6N2O2,Nc1ccc(C(=O)O)cn1,16,10,1,0,0,valid,,True,True,True,True,0
384,384,C26H43ClN3O4P,CCCCCN(CCCCC)CCCNc1c2c(nc3ccc(Cl)cc13)CCCC2.O=P(O)(O)O,78,35,2,0,0,valid,The canvas contains 2 disconnected components; treat it as a mixture unless the components are intentionally separate ions.,True,True,True,True,0.00300000000027012
385,385,C14H11NO2,O=[N+]([O-])C(=Cc1ccccc1)c1ccccc1,28,17,1,0,0,valid,,True,True,True,True,2.842170943040401e-14
386,386,C14H9NO2,O=C(O)c1c2ccccc2nc2ccccc12,26,17,1,0,0,valid,,True,True,True,True,0
387,387,C22H25NO2,CC1CCN(C(CC(=O)c2ccccc2)C(=O)c2ccccc2)CC1,50,25,1,0,0,valid,,True,True,True,True,1.1368683772161603e-13
388,389,C16H17Cl2NO2,OCCNC(c1ccc(Cl)cc1)C(O)c1ccc(Cl)cc1,38,21,1,0,0,valid,,True,True,True,True,0.006000000000028649
389,390,C22H25NO2,CC1CCCCN1C(CC(=O)c1ccccc1)C(=O)c1ccccc1,50,25,1,0,0,valid,,True,True,True,True,1.1368683772161603e-13
390,391,C16H15Cl2NO2,O=C(c1ccc(Cl)cc1)C(NCCO)c1ccc(Cl)cc1,36,21,1,0,0,valid,,True,True,True,True,0.005999999999971806
391,392,C6H9N3S2,CSc1nc(C)nc(SC)n1,20,11,1,0,0,valid,,True,True,True,True,0.014000000000010004
392,393,C4H4N2O4,O=C1CCC(=O)N1[N+](=O)[O-],14,10,1,0,0,valid,,True,True,True,True,2.842170943040401e-14
393,394,C5H8N2O5,CO.O=C1CCC(=O)N1[N+](=O)[O-],20,12,2,0,0,valid,The canvas contains 2 disconnected components; treat it as a mixture unless the components are intentionally separate ions.,True,True,True,True,5.684341886080802e-14
394,395,C8H4N2O4,O=C1c2ccccc2C(=O)N1[N+](=O)[O-],18,14,1,0,0,valid,,True,True,True,True,2.842170943040401e-14
395,396,C15H12N2O5,O=C1c2ccccc2C(=O)N1[N+](=O)[O-].OCc1ccccc1,34,22,2,0,0,valid,The canvas contains 2 disconnected components; treat it as a mixture unless the components are intentionally separate ions.,True,True,True,True,0
396,397,C18H23N,CCCCC(C=Cc1ccc2ccccc2n1)CC,42,19,1,0,0,valid,,True,True,True,True,2.842170943040401e-14
397,398,C18H15OP,O=P(c1ccccc1)(c1ccccc1)c1ccccc1,35,20,1,0,0,valid,,True,True,True,True,0
398,399,C15H12N2,N#CCCn1c2ccccc2c2ccccc21,29,17,1,0,0,valid,,True,True,True,True,0
399,400,C15H13NO2,O=C(O)CCn1c2ccccc2c2ccccc21,31,18,1,0,0,valid,,True,True,True,True,2.842170943040401e-14
400,401,C8H7FO2,O=C(O)Cc1ccccc1F,18,11,1,0,0,valid,,True,True,True,True,2.842170943040401e-14
401,402,C8H7FO2,O=C(O)Cc1ccc(F)cc1,18,11,1,0,0,valid,,True,True,True,True,0
402,403,C6H10O3,O=C(O)C1CCOCC1,19,9,1,0,0,valid,,True,True,True,True,0
403,404,C7H10O5,O=C(O)C1(C(=O)O)CCOCC1,22,12,1,0,0,valid,,True,True,True,True,2.842170943040401e-14
404,405,C14H12N2O,OC(c1ccccc1)c1nc2ccccc2[nH]1,29,17,1,0,0,valid,,True,True,True,True,0
405,406,C14H12O4,O=C(O)C(Oc1ccccc1)Oc1ccccc1,30,18,1,0,0,valid,,True,True,True,True,0
406,407,C14H10OS,CC(=O)c1ccc2c(c1)sc1ccccc12,26,16,1,0,0,valid,,True,True,True,True,0.0069999999999765805
407,408,C16H12O2S,CC(=O)c1ccc2c(c1)sc1cc(C(C)=O)ccc12,31,19,1,0,0,valid,,True,True,True,True,0.007000000000005002
408,409,C8H6BrNO4,COC(=O)c1cccc([N+](=O)[O-])c1Br,20,14,1,0,0,valid,,True,True,True,True,0
409,410,C12H8O3S,O=S1(=O)c2ccccc2Oc2ccccc21,24,16,1,0,0,valid,,True,True,True,True,0.006999999999948159
410,411,C19H30O3,CCCCCCCCCCCCOc1ccc(C(=O)O)cc1,52,22,1,0,0,valid,,True,True,True,True,5.684341886080802e-14
411,412,C18H20N2O2,CC(CCN=Cc1ccccc1O)N=Cc1ccccc1O,42,22,1,0,0,valid,,True,True,True,True,0
412,413,C9H14N2O3S,CCO.CCSc1nc(O)cc(C=O)n1,29,15,2,0,0,valid,The canvas contains 2 disconnected components; treat it as a mixture unless the components are intentionally separate ions.,True,True,True,True,0.007000000000005002
413,414,C14H21N3S2,Cc1nc(C)c(CCNCCc2sc(C)nc2C)s1,40,19,1,0,0,valid,,True,True,True,True,0.013999999999953161
414,415,C6H12N6O3,NNC(=O)C1C(C(=O)NN)C1C(=O)NN,27,15,1,0,0,valid,,True,True,True,True,5.684341886080802e-14
415,416,C24H36N4O7P2,CC(C)N(C(C)C)P(=O)(OP(=O)(c1ccc([N+](=O)[O-])cc1)N(C(C)C)C(C)C)c1ccc([N+](=O)[O-])cc1,73,37,1,0,0,valid,,True,True,True,True,2.2737367544323206e-13
416,417,C6H8NO3P,Nc1ccc(P(=O)(O)O)cc1,19,11,1,0,0,valid,,True,True,True,True,0
417,418,C6H13NS2,CC1NC(C)SC(C)S1,22,9,1,0,0,valid,,True,True,True,True,0.013999999999981583
418,419,C6H6NO5P,O=[N+]([O-])c1cccc(P(=O)(O)O)c1,19,13,1,0,0,valid,,True,True,True,True,2.842170943040401e-14
419,420,C6H6NO5P,O=[N+]([O-])c1ccc(P(=O)(O)O)cc1,19,13,1,0,0,valid,,True,True,True,True,5.684341886080802e-14
420,421,C9H20O2Si,CCOC(=O)C(C)(C)[Si](C)(C)C,32,12,1,0,0,valid,,True,True,True,True,0.0010000000000047748
421,422,C12H22O3,CCOC(=O)C(C(=O)CC(C)C)C(C)C,37,15,1,0,0,valid,,True,True,True,True,5.684341886080802e-14
422,423,C8H8Cl2O2,OCCOc1ccc(Cl)cc1Cl,20,12,1,0,0,valid,,True,True,True,True,0.006000000000028649
423,424,C20H40N2,CCCCCCCCCCCCCCCCCC1=NCCN1,62,22,1,0,0,valid,,True,True,True,True,0
424,425,C10H19NO2,C1COC(CNCC2CCCO2)C1,32,13,1,0,0,valid,,True,True,True,True,2.842170943040401e-14
425,426,C14H15N3O2,COc1cc(N=Nc2ccccc2OC)ccc1N,34,19,1,0,0,valid,,True,True,True,True,5.684341886080802e-14
426,427,C6H5ClO2,Oc1ccc(O)c(Cl)c1,14,9,1,0,0,valid,,True,True,True,True,0.002999999999957481
427,428,CH3NO2,C[N+](=O)[O-],7,4,1,0,0,valid,,True,True,True,True,0
428,429,C5H12N2O,CCNC(=O)NCC,20,8,1,0,0,valid,,True,True,True,True,0
429,430,C8H5Cl3O3,O=C(O)COc1cc(Cl)c(Cl)cc1Cl,19,14,1,0,0,valid,,True,True,True,True,0.009000000000014552
430,431,C5H6N2,Nc1ccccn1,13,7,1,0,0,valid,,True,True,True,True,1.4210854715202004e-14
431,432,C18H15Cl2Sb,[Cl][Sb]([Cl])([c]1ccccc1)([c]1ccccc1)[c]1ccccc1,36,21,1,0,0,valid,,True,True,True,True,0.006000000000142336
432,433,C16H20N2,CN(C)c1ccc(-c2ccc(N(C)C)cc2)cc1,38,18,1,0,0,valid,,True,True,True,True,2.842170943040401e-14
433,434,C7H15N,CNC1CCCCC1,23,8,1,0,0,valid,,True,True,True,True,0
434,435,C19H15Cl,ClC(c1ccccc1)(c1ccccc1)c1ccccc1,35,20,1,0,0,valid,,True,True,True,True,0.002999999999985903
435,436,C11H12N+,CC[n+]1cccc2ccccc21,24,12,1,1,0,valid,,True,True,True,True,0
436,437,C3H6O2S,O=C(O)CCS,12,6,1,0,0,valid,,True,True,True,True,0.006999999999990791
437,438,C21H21O4P,Cc1ccccc1OP(=O)(Oc1ccccc1C)Oc1ccccc1C,47,26,1,0,0,valid,,True,True,True,True,5.684341886080802e-14
438,439,C12H8S2,c1ccc2c(c1)Sc1ccccc1S2,22,14,1,0,0,valid,,True,True,True,True,0.013999999999981583
439,440,C5H11NO2,CCNC(=O)OCC,19,8,1,0,0,valid,,True,True,True,True,1.4210854715202004e-14
440,441,C4H11NO,CC(C)(N)CO,17,6,1,0,0,valid,,True,True,True,True,1.4210854715202004e-14
441,442,C4H9NO,CCC(C)=NO,15,6,1,0,0,valid,,True,True,True,True,1.4210854715202004e-14
442,443,C6H18N4,NCCNCCNCCN,28,10,1,0,0,valid,,True,True,True,True,0
443,444,C8H8ClNO,CC(=O)Nc1ccc(Cl)cc1,19,11,1,0,0,valid,,True,True,True,True,0.0030000000000143245
444,445,C5H13NO,CCCC(O)CN,20,7,1,0,0,valid,,True,True,True,True,1.4210854715202004e-14
445,446,C4H13N3,NCCNCCN,20,7,1,0,0,valid,,True,True,True,True,1.4210854715202004e-14
446,447,C2H5BrO3S,O=S(=O)(O)CCBr,12,7,1,0,0,valid,,True,True,True,True,0.0069999999999765805
447,448,C6H4ClNO,O=C1C=CC(=NCl)C=C1,13,9,1,0,0,valid,,True,True,True,True,0.002999999999985903
448,449,C11H9NO2,COc1ccc2nccc(C=O)c2c1,23,14,1,0,0,valid,,True,True,True,True,2.842170943040401e-14
449,450,C6H8N2,Cc1cccnc1N,16,8,1,0,0,valid,,True,True,True,True,2.842170943040401e-14
450,451,C2H3F3O,OCC(F)(F)F,9,6,1,0,0,valid,,True,True,True,True,1.4210854715202004e-14
451,452,C7H12O2,O=C(O)C1CCCCC1,21,9,1,0,0,valid,,True,True,True,True,2.842170943040401e-14
452,453,C5H12O3S,CC(C)CCS(=O)(=O)O,21,9,1,0,0,valid,,True,True,True,True,0.007000000000005002
453,454,C7H15NO2,CCCCNC(=O)OCC,25,10,1,0,0,valid,,True,True,True,True,2.842170943040401e-14
454,455,C16H26O2,CCC(C)(C)c1cc(O)c(C(C)(C)CC)cc1O,44,18,1,0,0,valid,,True,True,True,True,2.842170943040401e-14
455,456,C4H9N3O,CC(C)=NNC(N)=O,17,8,1,0,0,valid,,True,True,True,True,0
456,457,C20H41NO,CCCCCCCCCCCC(=O)N(CCCC)CCCC,63,22,1,0,0,valid,,True,True,True,True,1.1368683772161603e-13
457,458,C14H9NO2,Nc1cccc2c1C(=O)c1ccccc1C2=O,26,17,1,0,0,valid,,True,True,True,True,0
458,459,C6H6N4,Cc1ncc(C#N)c(N)n1,16,10,1,0,0,valid,,True,True,True,True,2.842170943040401e-14
459,460,C8H11N,Cc1cc(C)nc(C)c1,20,9,1,0,0,valid,,True,True,True,True,0
460,461,C4H12N2O,NCCNCCO,19,7,1,0,0,valid,,True,True,True,True,0
461,462,C6H13N,CC1CCCCN1,20,7,1,0,0,valid,,True,True,True,True,0
462,463,C23H28N2O8S,COc1cc2c(cc1OC)C13CCN4CC5=CCOC6CC(=O)N2C1C6C5CC43.O=S(=O)(O)O,62,34,2,0,0,valid,The canvas contains 2 disconnected components; treat it as a mixture unless the components are intentionally separate ions.,True,True,True,True,0.0070000000001755325
463,464,C12H8OS,c1ccc2c(c1)Oc1ccccc1S2,22,14,1,0,0,valid,,True,True,True,True,0.007000000000005002
464,465,C18H15Bi,c1cc[c]([Bi]([c]2ccccc2)[c]2ccccc2)cc1,34,19,1,0,0,unsupported,"C–Bi requires compound-specific organometallic, coordination, or crystal-structure rules; the generic Lewis model does not certify it.",True,True,True,True,0.0003999999999564352
465,466,C8H16O2,CCCC(C)(CC)C(=O)O,26,10,1,0,0,valid,,True,True,True,True,2.842170943040401e-14
466,467,C10H20O2,CCCCC(CC)(CC)C(=O)O,32,12,1,0,0,valid,,True,True,True,True,2.842170943040401e-14
467,468,C12H24O2,CCCCCCCCC(C)(C)C(=O)O,38,14,1,0,0,valid,,True,True,True,True,0
468,469,C14H28O2,CCCCCCCCC(CC)(CC)C(=O)O,44,16,1,0,0,valid,,True,True,True,True,0
469,470,C16H32O2,CCCCCCCCC(CC)(CCCC)C(=O)O,50,18,1,0,0,valid,,True,True,True,True,0
470,471,C13H18O2,CCC(CC)(Cc1ccccc1)C(=O)O,33,15,1,0,0,valid,,True,True,True,True,0
471,472,C15H22O2,CCCCC(CC)(Cc1ccccc1)C(=O)O,39,17,1,0,0,valid,,True,True,True,True,2.842170943040401e-14
472,473,C15H17N3,Cc1ccccc1NC(=N)Nc1ccccc1C,35,18,1,0,0,valid,,True,True,True,True,5.684341886080802e-14
473,474,C4H10N2,C1CNCCN1,16,6,1,0,0,valid,,True,True,True,True,1.4210854715202004e-14
474,475,C10H9N,Cc1cc2ccccc2cn1,20,11,1,0,0,valid,,True,True,True,True,0
475,476,C12H14N+,CC[n+]1c(C)ccc2ccccc21,27,13,1,1,0,valid,,True,True,True,True,2.842170943040401e-14
476,477,C6H10O8Ti,CC1[O][Ti]2([OH])([OH])([O]C1=O)[O]C(=O)C(C)[O]2,25,15,1,0,0,unsupported,"O–Ti requires compound-specific organometallic, coordination, or crystal-structure rules; the generic Lewis model does not certify it.",True,True,True,True,5.684341886080802e-14
477,478,C18H15As,c1ccc([As](c2ccccc2)c2ccccc2)cc1,34,19,1,0,0,valid,,True,True,True,True,0.0004000000000132786
478,479,C15H13N3O2,O=C1NC(=O)C(Cc2ccccc2)(c2cccnc2)N1,33,20,1,0,0,valid,,True,True,True,True,5.684341886080802e-14
479,480,C9H16Cl3NO2,CCCCC(=O)NC(O)C(Cl)(Cl)C(C)Cl,31,15,1,0,0,valid,,True,True,True,True,0.009000000000014552
480,481,C8H7BrClNO,O=C(CBr)Nc1ccc(Cl)cc1,19,12,1,0,0,valid,,True,True,True,True,0.002999999999957481
481,482,C9H10BrNO,Cc1ccc(NC(=O)CBr)cc1,22,12,1,0,0,valid,,True,True,True,True,0
482,483,C8H6Cl3NO,O=C(Nc1ccccc1)C(Cl)(Cl)Cl,19,13,1,0,0,valid,,True,True,True,True,0.009000000000042974
483,484,C13H9HgNS2,c1cc[c]([Hg][S]c2nc3ccccc3s2)cc1,26,17,1,0,0,unsupported,"S–Hg requires compound-specific organometallic, coordination, or crystal-structure rules; the generic Lewis model does not certify it.",True,True,True,True,0.012000000000114142
484,485,C11H7N3,N#CC(C#N)C(C#N)c1ccccc1,21,14,1,0,0,valid,,True,True,True,True,2.842170943040401e-14
485,486,C17H13NO2,O=C(Nc1cccc2ccccc12)c1ccccc1O,33,20,1,0,0,valid,,True,True,True,True,0
486,487,C17H13NO2,O=C(Nc1ccc2ccccc2c1)c1ccccc1O,33,20,1,0,0,valid,,True,True,True,True,0
487,488,C13H10ClN,Clc1ccc(C=Cc2ccccn2)cc1,25,15,1,0,0,valid,,True,True,True,True,0.002999999999957481
488,489,C13H10ClN,Clc1ccc(C=Cc2ccncc2)cc1,25,15,1,0,0,valid,,True,True,True,True,0.002999999999957481
489,490,C10H6N2,N#CC(C#N)=Cc1ccccc1,18,12,1,0,0,valid,,True,True,True,True,2.842170943040401e-14
490,491,C10H5N3O2,N#CC(C#N)=Cc1cccc([N+](=O)[O-])c1,20,15,1,0,0,valid,,True,True,True,True,0
491,492,C10H5ClN2,N#CC(C#N)=Cc1ccc(Cl)cc1,18,13,1,0,0,valid,,True,True,True,True,0.002999999999957481
492,493,C10H4Cl2N2,N#CC(C#N)=Cc1ccc(Cl)cc1Cl,18,14,1,0,0,valid,,True,True,True,True,0.005999999999971806
493,494,C10H4Cl2N2,N#CC(C#N)=Cc1ccc(Cl)c(Cl)c1,18,14,1,0,0,valid,,True,True,True,True,0.006000000000000227
494,495,C15H13NO,O=C(C=Cc1ccccc1)Nc1ccccc1,30,17,1,0,0,valid,,True,True,True,True,2.842170943040401e-14
495,496,C7H16Cl2NPS,CCCCCCCNP(=S)(Cl)Cl,28,12,1,0,0,valid,,True,True,True,True,0.01300000000000523
496,497,C9H24N3PS,CCCNP(=S)(NCCC)NCCC,38,14,1,0,0,valid,,True,True,True,True,0.006999999999948159
497,498,C21H48N3PS,CCCCCCCNP(=S)(NCCCCCCC)NCCCCCCC,74,26,1,0,0,valid,,True,True,True,True,0.007000000000346063
498,499,C24H54N3PS,CCCCCCCCNP(=S)(NCCCCCCCC)NCCCCCCCC,83,29,1,0,0,valid,,True,True,True,True,0.00700000000045975
499,500,C36H78N3PS,CCCCCCCCCCCCNP(=S)(NCCCCCCCCCCCC)NCCCCCCCCCCCC,119,41,1,0,0,valid,,True,True,True,True,0.007000000000061846
500,501,C10H17NO,CC12CCC(C1)C(C)(C)C2=NO,29,12,1,0,0,valid,,True,True,True,True,2.842170943040401e-14
501,502,C11H10N2O,C(=NNc1ccccc1)c1ccco1,24,14,1,0,0,valid,,True,True,True,True,0
502,503,C13H9NS2,S=c1[nH]c2c(-c3ccccc3)cccc2s1,25,16,1,0,0,valid,,True,True,True,True,0.013999999999981583
503,504,C15H9ClO2,Cc1ccc2c(c1Cl)C(=O)c1ccccc1C2=O,27,18,1,0,0,valid,,True,True,True,True,0.002999999999985903
504,505,C4H6Br4,BrCC(Br)C(Br)CBr,14,8,1,0,0,valid,,True,True,True,True,5.684341886080802e-14
505,506,C14H17N,N#CC(c1ccccc1)C1CCCCC1,32,15,1,0,0,valid,,True,True,True,True,5.684341886080802e-14
506,507,C11H16O,CC(C)C(C)(O)c1ccccc1,28,12,1,0,0,valid,,True,True,True,True,0
507,508,C6H14O2,OCCCCCCO,22,8,1,0,0,valid,,True,True,True,True,0
508,509,C11H10O,O=C1C=C(c2ccccc2)CC1,22,12,1,0,0,valid,,True,True,True,True,0
509,510,C6H12N2,N#CCCCCCN,20,8,1,0,0,valid,,True,True,True,True,0
510,511,C5H8O4,COC(=O)CCC(=O)O,17,9,1,0,0,valid,,True,True,True,True,2.842170943040401e-14
511,512,C10H12O2,Cc1ccc(CCC(=O)O)cc1,24,12,1,0,0,valid,,True,True,True,True,2.842170943040401e-14
512,513,C5H12O2,CCCC(O)CO,19,7,1,0,0,valid,,True,True,True,True,1.4210854715202004e-14
513,514,C7H11NO2,CCC(C)(C#N)OC(C)=O,21,10,1,0,0,valid,,True,True,True,True,2.842170943040401e-14
514,515,C10H12N2O4,CC(=O)OC(C)(C#N)C(C)(C#N)OC(C)=O,28,16,1,0,0,valid,,True,True,True,True,2.842170943040401e-14
515,516,C2H8N2O4S2,CSC(=N)N.O=S(=O)(O)O,18,10,2,0,0,valid,The canvas contains 2 disconnected components; treat it as a mixture unless the components are intentionally separate ions.,True,True,True,True,0.014000000000010004
516,517,C6H10O6,COC(=O)C(O)C(O)C(=O)OC,22,12,1,0,0,valid,,True,True,True,True,5.684341886080802e-14
517,518,C7H14O2,CC(=O)OC(C)C(C)C,23,9,1,0,0,valid,,True,True,True,True,2.842170943040401e-14
518,519,C9H4Cl6O4,O=C(O)C1C(C(=O)O)C2(Cl)C(Cl)=C(Cl)C1(Cl)C2(Cl)Cl,23,19,1,0,0,valid,,True,True,True,True,0.018000000000029104
519,520,C10H9NO,N#CCCC(=O)c1ccccc1,21,12,1,0,0,valid,,True,True,True,True,2.842170943040401e-14
520,521,C12H6O3,O=C1OC(=O)c2c1ccc1ccccc21,21,15,1,0,0,valid,,True,True,True,True,2.842170943040401e-14
521,522,C7H14NO2S+,C[N+](C)(C)C1C=CS(=O)(=O)C1,25,11,1,1,0,valid,,True,True,True,True,0.007000000000005002
522,523,C5H8O,C#CC(C)(C)O,14,6,1,0,0,valid,,True,True,True,True,0
523,524,C7H12O,CC1CCCCC1=O,20,8,1,0,0,valid,,True,True,True,True,0
524,525,C13H24O2,C=CCCCCCCCCCOC(C)=O,39,15,1,0,0,valid,,True,True,True,True,5.684341886080802e-14
525,526,C8H15NO3,CCN(CC)C(=O)CCC(=O)O,27,12,1,0,0,valid,,True,True,True,True,0
526,527,C14H22O4,CC(=O)OCC1C(C)C=CC(C)C1COC(C)=O,40,18,1,0,0,valid,,True,True,True,True,5.684341886080802e-14
527,528,C6H2Br2ClNO,O=C1C(Br)=CC(=NCl)C=C1Br,13,11,1,0,0,valid,,True,True,True,True,0.002999999999872216
528,529,C13H16N+,CC[n+]1c(C)ccc2cc(C)ccc21,30,14,1,1,0,valid,,True,True,True,True,5.684341886080802e-14
529,530,C14H11NO4,O=C(O)c1ccc(NC(=O)c2ccccc2O)cc1,30,19,1,0,0,valid,,True,True,True,True,0
530,531,C15H13NO4,O=C(O)COc1ccccc1C(=O)Nc1ccccc1,33,20,1,0,0,valid,,True,True,True,True,0
531,532,C10H5BrN2,N#CC(C#N)=Cc1ccc(Br)cc1,18,13,1,0,0,valid,,True,True,True,True,0
532,533,C15H14N2S2,S=c1sc2ccccc2n1CCNc1ccccc1,33,19,1,0,0,valid,,True,True,True,True,0.014000000000010004
533,536,C8H6N2O3S,N#CSCc1cc([N+](=O)[O-])ccc1O,20,14,1,0,0,valid,,True,True,True,True,0.007000000000005002
534,537,C10H4Cl2O2,O=C1C(Cl)=C(Cl)C(=O)c2ccccc21,18,14,1,0,0,valid,,True,True,True,True,0.006000000000000227
535,538,C15H14O3,CC(Oc1ccccc1-c1ccccc1)C(=O)O,32,18,1,0,0,valid,,True,True,True,True,0
536,539,C15H13HgNO3,CC(=O)[O][Hg][c]1ccc(N=Cc2ccccc2O)cc1,33,20,1,0,0,unsupported,"O–Hg requires compound-specific organometallic, coordination, or crystal-structure rules; the generic Lewis model does not certify it.",True,True,True,True,0.0019999999998390194
537,540,C7H3N3O4S,N#CSc1ccc([N+](=O)[O-])cc1[N+](=O)[O-],18,15,1,0,0,valid,,True,True,True,True,0.007000000000005002
538,541,C7H6ClNO3,O=[N+]([O-])c1ccc(O)c(CCl)c1,18,12,1,0,0,valid,,True,True,True,True,0.002999999999985903
539,542,C10H5ClN2,N#CC(C#N)=Cc1ccccc1Cl,18,13,1,0,0,valid,,True,True,True,True,0.002999999999957481
540,543,C7H7N3O2S2,N#CSc1cc(S(N)(=O)=O)ccc1N,21,14,1,0,0,valid,,True,True,True,True,0.013999999999981583
541,544,C9H9NO4,O=[N+]([O-])c1cccc(OCC2CO2)c1,23,14,1,0,0,valid,,True,True,True,True,2.842170943040401e-14
542,545,C11H5Cl2N3,N#CC(C#N)C(C#N)c1ccc(Cl)c(Cl)c1,21,16,1,0,0,valid,,True,True,True,True,0.006000000000057071
543,546,C18H36N3PS,S=P(NC1CCCCC1)(NC1CCCCC1)NC1CCCCC1,59,23,1,0,0,valid,,True,True,True,True,0.0070000000001755325
544,547,C9H10BrNO,Cc1ccccc1NC(=O)CBr,22,12,1,0,0,valid,,True,True,True,True,0
545,548,C10H6N2O,N#CC(C#N)=CC=Cc1ccco1,19,13,1,0,0,valid,,True,True,True,True,2.842170943040401e-14
546,549,C8H9BrN2O3S,NS(=O)(=O)c1ccc(NC(=O)CBr)cc1,24,15,1,0,0,valid,,True,True,True,True,0.006999999999948159
547,550,C12H14N4O4S4,Nc1ccc(S(N)(=O)=O)cc1SSc1cc(S(N)(=O)=O)ccc1N,38,24,1,0,0,valid,,True,True,True,True,0.02800000000019054
548,551,C22H41NO2,CCCCCN(CCCCC)CC(=O)OC1CC2CCC1(C)C2(C)C,66,25,1,0,0,valid,,True,True,True,True,2.2737367544323206e-13
549,552,C4H11NO,COCCCN,17,6,1,0,0,valid,,True,True,True,True,1.4210854715202004e-14
550,553,C4H7NO2,C=CC(=O)NCO,14,7,1,0,0,valid,,True,True,True,True,1.4210854715202004e-14
551,554,C9H7NO,Oc1ccc2ccccc2n1,18,11,1,0,0,valid,,True,True,True,True,2.842170943040401e-14
552,555,C13H15NO6,O=C(O)CCC(NC(=O)OCc1ccccc1)C(=O)O,35,20,1,0,0,valid,,True,True,True,True,0
553,556,C13H20O4,CC(=O)OCC1C2CCC(C2)C1COC(C)=O,37,17,1,0,0,valid,,True,True,True,True,2.842170943040401e-14
554,557,C13H22O4,CC(=O)OCC1CCCC(C)C1COC(C)=O,39,17,1,0,0,valid,,True,True,True,True,2.842170943040401e-14
555,558,C11H15BrO4,COC(=O)C1C2CC(Br)C(C2)C1C(=O)OC,31,16,1,0,0,valid,,True,True,True,True,5.684341886080802e-14
556,559,C14H22O4,CCOC(=O)C1C2CCC(CC2)C1C(=O)OCC,40,18,1,0,0,valid,,True,True,True,True,8.526512829121202e-14
557,560,C7H10,C=C1C=CCCC1,17,7,1,0,0,valid,,True,True,True,True,1.4210854715202004e-14
558,561,C8H12O6,COC(=O)OCC=CCOC(=O)OC,26,14,1,0,0,valid,,True,True,True,True,2.842170943040401e-14
559,562,C6H13NO,CC(CC(C)C)=NO,21,8,1,0,0,valid,,True,True,True,True,1.4210854715202004e-14
560,563,C10H16O4,CC(=O)OC1CCCCC1OC(C)=O,30,14,1,0,0,valid,,True,True,True,True,0
561,564,C9H20BrN,CCN(CC)CCCC(C)Br,31,11,1,0,0,valid,,True,True,True,True,0
562,565,C10H12O7,CC(=O)OC1(C)C(=O)OC(=O)C1(C)OC(C)=O,29,17,1,0,0,valid,,True,True,True,True,5.684341886080802e-14
563,566,C7H14O2,CC(C)CC(C)OC=O,23,9,1,0,0,valid,,True,True,True,True,2.842170943040401e-14
564,567,C8H16O2,CC(=O)OC(C)CC(C)C,26,10,1,0,0,valid,,True,True,True,True,2.842170943040401e-14
565,568,C10H20O2,CCCC(=O)OC(C)CC(C)C,32,12,1,0,0,valid,,True,True,True,True,0
566,569,C11H22O2,CC(C)CC(=O)OC(C)CC(C)C,35,13,1,0,0,valid,,True,True,True,True,0
567,570,C13H26O2,CCCCCCC(=O)OC(C)CC(C)C,41,15,1,0,0,valid,,True,True,True,True,0
568,571,C14H20O3,COc1ccc(C(=O)OC(C)CC(C)C)cc1,37,17,1,0,0,valid,,True,True,True,True,5.684341886080802e-14
569,572,C13H17NO4,CC(C)CC(C)OC(=O)c1ccc([N+](=O)[O-])cc1,35,18,1,0,0,valid,,True,True,True,True,2.842170943040401e-14
570,574,C9H11Cl,Cc1ccc(CCl)c(C)c1,21,10,1,0,0,valid,,True,True,True,True,0.0030000000000427463
571,575,C12H12BrNO2,O=C1c2ccccc2C(=O)N1CCCCBr,28,16,1,0,0,valid,,True,True,True,True,5.684341886080802e-14
572,576,C23H49NO,CCCCCCN(CCCCCC)CCCCCCCCCCCO,74,25,1,0,0,valid,,True,True,True,True,1.7053025658242404e-13
573,577,C12H8I,c1ccc2c(c1)[I]c1ccccc1-2,21,13,1,0,1,open,"The total valence-electron count is odd, so the structure is a radical or an incomplete electron assignment.",True,True,True,True,0
574,578,C7H4Cl2O2,O=C(O)c1ccc(Cl)cc1Cl,15,11,1,0,0,valid,,True,True,True,True,0.005999999999971806
575,579,C6H6FN,Nc1ccc(F)cc1,14,8,1,0,0,valid,,True,True,True,True,1.4210854715202004e-14
576,580,C14H16N2,Nc1ccc(CCc2ccc(N)cc2)cc1,32,16,1,0,0,valid,,True,True,True,True,2.842170943040401e-14
577,581,C9H9NO3,CC(=O)Cc1ccc([N+](=O)[O-])cc1,22,13,1,0,0,valid,,True,True,True,True,2.842170943040401e-14
578,582,C9H9NO3,CCC(=O)c1ccc([N+](=O)[O-])cc1,22,13,1,0,0,valid,,True,True,True,True,2.842170943040401e-14
579,583,C15H18O3,CCC(=O)c1cc(C(=O)CC)cc(C(=O)CC)c1,36,18,1,0,0,valid,,True,True,True,True,5.684341886080802e-14
580,584,C17H12Cl2O,O=C(C=Cc1ccccc1Cl)C=Cc1ccccc1Cl,32,20,1,0,0,valid,,True,True,True,True,0.005999999999971806
581,585,C12H10N2O,O=NN(c1ccccc1)c1ccccc1,25,15,1,0,0,valid,,True,True,True,True,2.842170943040401e-14
582,586,C16H12N2O5,Cc1c(C(=O)C=Cc2ccccc2)cc([N+](=O)[O-])cc1[N+](=O)[O-],35,23,1,0,0,valid,,True,True,True,True,0
583,587,C15H14O,CC(=O)Cc1ccc(-c2ccccc2)cc1,30,16,1,0,0,valid,,True,True,True,True,2.842170943040401e-14
584,588,C11H10N2O4,COc1cc([N+](=O)[O-])c2ncccc2c1OC,27,17,1,0,0,valid,,True,True,True,True,2.842170943040401e-14
585,589,C20H16O4,COc1ccc(C2=CC(=O)C(c3ccc(OC)cc3)=CC2=O)cc1,40,24,1,0,0,valid,,True,True,True,True,1.1368683772161603e-13
586,590,C6H7NO2,C=CN1C(=O)CCC1=O,16,9,1,0,0,valid,,True,True,True,True,2.842170943040401e-14
587,591,C8H6ClNOS,O=C1CSc2cc(Cl)ccc2N1,18,12,1,0,0,valid,,True,True,True,True,0.009999999999990905
588,592,C12H9NO,Cc1cc2ccccc2c(O)c1C#N,23,14,1,0,0,valid,,True,True,True,True,2.842170943040401e-14
589,593,C9H5Cl2N,Clc1ccc2c(Cl)ccnc2c1,17,12,1,0,0,valid,,True,True,True,True,0.006000000000000227
590,594,C14H12Cl2,Clc1ccc(CCc2ccc(Cl)cc2)cc1,28,16,1,0,0,valid,,True,True,True,True,0.006000000000028649
591,595,C15H30O,CCCCCCCC(=O)CCCCCCC,46,16,1,0,0,valid,,True,True,True,True,8.526512829121202e-14
592,596,C7H4BrN3O6,Cc1c([N+](=O)[O-])cc([N+](=O)[O-])c(Br)c1[N+](=O)[O-],21,17,1,0,0,valid,,True,True,True,True,1.1368683772161603e-13
593,597,C8H9NO2,Cc1ccc(C(=O)O)cc1N,20,11,1,0,0,valid,,True,True,True,True,2.842170943040401e-14
594,598,C21H15N3,c1ccc(-c2cc(-c3cccnc3)nc(-c3cccnc3)c2)cc1,39,24,1,0,0,valid,,True,True,True,True,0
595,599,C15H14O3,COc1ccc2ccccc2c1C=C(C)C(=O)O,32,18,1,0,0,valid,,True,True,True,True,0
596,600,C19H22O,CC(C)(C)C(=O)CC(c1ccccc1)c1ccccc1,42,20,1,0,0,valid,,True,True,True,True,5.684341886080802e-14
597,601,C10H11BrO2,Cc1cc(C)c(C(=O)O)c(C)c1Br,24,13,1,0,0,valid,,True,True,True,True,2.842170943040401e-14
598,602,C21H38O,C=CCCCCCCCCC(=O)CCCCCCCCC=C,60,22,1,0,0,valid,,True,True,True,True,5.684341886080802e-14
599,603,C6H12N2O2,CC(=O)NCCNC(C)=O,22,10,1,0,0,valid,,True,True,True,True,2.842170943040401e-14
600,604,C32H26O,C=CCC1(O)C(c2ccccc2)=C(c2ccccc2)C(c2ccccc2)=C1c1ccccc1,59,33,1,0,0,valid,,True,True,True,True,1.7053025658242404e-13
601,605,C11H6ClNO3,O=C(Cl)c1cccc2c([N+](=O)[O-])cccc12,22,16,1,0,0,valid,,True,True,True,True,0.002999999999985903
602,606,C10H17NO3,CC1(C(N)=O)CCC(C(=O)O)C1(C)C,31,14,1,0,0,valid,,True,True,True,True,0
603,607,C15H10O2,Cc1ccc2c(c1)C(=O)c1ccccc1C2=O,27,17,1,0,0,valid,,True,True,True,True,0
604,608,C14H12N2O4,O=[N+]([O-])c1ccc(CCc2ccc([N+](=O)[O-])cc2)cc1,32,20,1,0,0,valid,,True,True,True,True,0
605,609,C8H7NO5,COc1cccc(C(=O)O)c1[N+](=O)[O-],21,14,1,0,0,valid,,True,True,True,True,2.842170943040401e-14
606,610,C10H6Br3N,BrC(Br)(Br)c1ccc2ccccc2n1,20,14,1,0,0,valid,,True,True,True,True,5.684341886080802e-14
607,611,C8H12Cl2N2O2,O=C1NC(CCCl)C(=O)NC1CCCl,26,14,1,0,0,valid,,True,True,True,True,0.005999999999971806
608,612,C19H20O2,Cc1ccc(C(=O)CCCC(=O)c2ccc(C)cc2)cc1,41,21,1,0,0,valid,,True,True,True,True,5.684341886080802e-14
609,613,C5H3Br2N,Brc1cccc(Br)n1,11,8,1,0,0,valid,,True,True,True,True,0
610,614,C10H8N2O2,Nc1ccc([N+](=O)[O-])c2ccccc12,22,14,1,0,0,valid,,True,True,True,True,0
611,615,C8H8O3,CC(=O)c1c(O)cccc1O,19,11,1,0,0,valid,,True,True,True,True,0
612,616,C15H14O,Cc1ccccc1C(=O)c1ccccc1C,30,16,1,0,0,valid,,True,True,True,True,0
613,617,C9H9NO3,CC(=O)c1ccc(C)c([N+](=O)[O-])c1,22,13,1,0,0,valid,,True,True,True,True,2.842170943040401e-14
614,618,C9H9N,Cc1cccc2cc[nH]c12,19,10,1,0,0,valid,,True,True,True,True,2.842170943040401e-14
615,619,C13H18O3,CCCCC(=O)c1cc(OC)cc(OC)c1,34,16,1,0,0,valid,,True,True,True,True,2.842170943040401e-14
616,620,C12H10O4,CCOC(=O)c1cc2ccccc2oc1=O,26,16,1,0,0,valid,,True,True,True,True,2.842170943040401e-14
617,621,C8H12O4,O=C(O)C1CCC(C(=O)O)CC1,24,12,1,0,0,valid,,True,True,True,True,0
618,622,C8H12O2,CC1CC=C(C(=O)O)CC1,22,10,1,0,0,valid,,True,True,True,True,0
619,623,C13H10O2,O=C(c1ccccc1)c1ccccc1O,25,15,1,0,0,valid,,True,True,True,True,0
620,624,C15H14O3,COC(=O)C(O)(c1ccccc1)c1ccccc1,32,18,1,0,0,valid,,True,True,True,True,5.684341886080802e-14
621,625,C12H14O5,COc1ccc(C(=O)CCC(=O)O)cc1OC,31,17,1,0,0,valid,,True,True,True,True,5.684341886080802e-14
622,626,C12H6Cl2N2,Clc1ccnc2c1ccc1c(Cl)ccnc12,22,16,1,0,0,valid,,True,True,True,True,0.005999999999971806
623,627,C10H11N3OS2,COc1ccc(C=NC(=S)NC(N)=S)cc1,27,16,1,0,0,valid,,True,True,True,True,0.013999999999981583
624,628,C5H9N3S2,CCC=NC(=S)NC(N)=S,19,10,1,0,0,valid,,True,True,True,True,0.013999999999981583
625,629,C4H6O2,C1OC1C1CO1,12,6,1,0,0,valid,,True,True,True,True,0
626,630,C3H5BrO,BrCC1CO1,10,5,1,0,0,valid,,True,True,True,True,0
627,631,C6H10O2,C=CCOCC1CO1,18,8,1,0,0,valid,,True,True,True,True,1.4210854715202004e-14
628,632,C13H12O2,c1ccc2c(OCC3CO3)cccc2c1,27,15,1,0,0,valid,,True,True,True,True,0
629,633,C5H9ClO2,ClCCOCC1CO1,17,8,1,0,0,valid,,True,True,True,True,0.0030000000000143245
630,634,C9H8Cl2O2,Clc1ccc(OCC2CO2)c(Cl)c1,21,13,1,0,0,valid,,True,True,True,True,0.006000000000000227
631,635,C9H10O2,c1ccc(OCC2CO2)cc1,21,11,1,0,0,valid,,True,True,True,True,0
632,636,C3H6Br2O,OC(CBr)CBr,12,6,1,0,0,valid,,True,True,True,True,2.842170943040401e-14
633,637,C8H8O,c1ccc(C2CO2)cc1,17,9,1,0,0,valid,,True,True,True,True,2.842170943040401e-14
634,638,C18H34O3,CCCCCCCCC1OC1CCCCCCCC(=O)O,55,21,1,0,0,valid,,True,True,True,True,5.684341886080802e-14
635,639,C8H11N3O3S,CC(=O)Nc1ccc(S(=O)(=O)NN)cc1,26,15,1,0,0,valid,,True,True,True,True,0.007000000000005002
636,640,C7H9N3O,NNC(=O)c1ccc(N)cc1,20,11,1,0,0,valid,,True,True,True,True,0
637,641,C7H9N3O2,NNC(=O)c1cc(N)ccc1O,21,12,1,0,0,valid,,True,True,True,True,2.842170943040401e-14
638,642,C7H9N3O,NNC(=O)c1ccccc1N,20,11,1,0,0,valid,,True,True,True,True,0
639,643,C6H8N2O2S,NNS(=O)(=O)c1ccccc1,19,11,1,0,0,valid,,True,True,True,True,0.007000000000005002
640,644,C7H8N2O,NNC(=O)c1ccccc1,18,10,1,0,0,valid,,True,True,True,True,2.842170943040401e-14
641,645,C8H11N3O3,COc1cc(C(=O)NN)cc(OC)n1,25,14,1,0,0,valid,,True,True,True,True,0
642,646,C4H8N2O,CC=CC(=O)NN,15,7,1,0,0,valid,,True,True,True,True,2.842170943040401e-14
643,647,C7H8N2O2,NNC(=O)c1ccc(O)cc1,19,11,1,0,0,valid,,True,True,True,True,0
644,648,C10H14N2O,CC(C)c1ccc(C(=O)NN)cc1,27,13,1,0,0,valid,,True,True,True,True,2.842170943040401e-14
645,649,C3H8N4O2,NNC(=O)CC(=O)NN,17,9,1,0,0,valid,,True,True,True,True,2.842170943040401e-14
646,650,C7H10Cl2IN+,Cc1cccc[n+]1C.Cl[I]Cl,21,11,2,1,1,open,The canvas contains 2 disconnected components; treat it as a mixture unless the components are intentionally separate ions.,True,True,True,True,0.005999999999914962
647,651,C8H6N2O2,Oc1nnc(O)c2ccccc12,18,12,1,0,0,valid,,True,True,True,True,0
648,652,C7H8N2O2,NNC(=O)c1ccccc1O,19,11,1,0,0,valid,,True,True,True,True,0
649,653,C5H6N2OS,NNC(=O)c1cccs1,15,9,1,0,0,valid,,True,True,True,True,0.0069999999999765805
650,654,C5H6O2,CC1=CCC(=O)O1,13,7,1,0,0,valid,,True,True,True,True,0
651,655,C5H6O2,CC1C=CC(=O)O1,13,7,1,0,0,valid,,True,True,True,True,2.842170943040401e-14
652,656,C6H8O6,O=CC(O)C1OC(=O)C(O)C1O,20,12,1,0,0,valid,,True,True,True,True,2.842170943040401e-14
653,657,C9H10N2O2,CC(=O)Nc1ccc(C=NO)cc1,23,13,1,0,0,valid,,True,True,True,True,0
654,658,C14H11NO2,O=C(C(=NO)c1ccccc1)c1ccccc1,28,17,1,0,0,valid,,True,True,True,True,0
655,659,C14H13NO2,ON=C(c1ccccc1)C(O)c1ccccc1,30,17,1,0,0,valid,,True,True,True,True,2.842170943040401e-14
656,660,C4H7NO2,CC(=O)C(C)=NO,14,7,1,0,0,valid,,True,True,True,True,1.4210854715202004e-14
657,661,C10H20N2O,CCN(CC)C1CCCCC1=NO,33,13,1,0,0,valid,,True,True,True,True,0
658,662,C5H4N2O4,O=[N+]([O-])c1ccc(C=NO)o1,15,11,1,0,0,valid,,True,True,True,True,2.842170943040401e-14
659,663,C16H15NO2,COc1ccc(C=CC(=NO)c2ccccc2)cc1,34,19,1,0,0,valid,,True,True,True,True,2.842170943040401e-14
660,664,C16H17NO2,COc1ccc(CCC(=NO)c2ccccc2)cc1,36,19,1,0,0,valid,,True,True,True,True,5.684341886080802e-14
661,665,C8H18NO2+,C[N+](C)(C)CC1COCCO1,29,11,1,1,0,valid,,True,True,True,True,2.842170943040401e-14
662,667,C9H12N2O3,NC(Cc1ccc(O)cc1)C(=O)NO,26,14,1,0,0,valid,,True,True,True,True,2.842170943040401e-14
663,669,C4H6O4,CC(=O)OOC(C)=O,14,8,1,0,0,valid,,True,True,True,True,0
664,670,C24H46O4,CCCCCCCCCCCC(=O)OOC(=O)CCCCCCCCCCC,74,28,1,0,0,valid,,True,True,True,True,3.979039320256561e-13
665,671,C14H10O4,O=C(OOC(=O)c1ccccc1)c1ccccc1,28,18,1,0,0,valid,,True,True,True,True,0
666,672,C4H10O2,CC(C)(C)OO,16,6,1,0,0,valid,,True,True,True,True,1.4210854715202004e-14
667,673,C8H18O2,CC(C)(C)OOC(C)(C)C,28,10,1,0,0,valid,,True,True,True,True,0
668,674,C11H14O3,CC(C)(C)OOC(=O)c1ccccc1,28,14,1,0,0,valid,,True,True,True,True,2.842170943040401e-14
669,675,C14H10O4,O=C(OOC(=O)c1ccccc1)c1ccccc1,28,18,1,0,0,valid,,True,True,True,True,0
670,676,C8H10O8,O=C(O)CCC(=O)OOC(=O)CCC(=O)O,26,16,1,0,0,valid,,True,True,True,True,2.842170943040401e-14
671,677,C8H7N3S,N=c1[nH]nc(-c2ccccc2)s1,19,12,1,0,0,valid,,True,True,True,True,0.007000000000033424
672,678,C9H7NS2,S=c1[nH]c(-c2ccccc2)cs1,19,12,1,0,0,valid,,True,True,True,True,0.014000000000010004
673,679,C6H4N2S,c1ccc2nsnc2c1,13,9,1,0,0,valid,,True,True,True,True,0.006999999999948159
674,680,C3H5NS2,S=C1NCCS1,11,6,1,0,0,valid,,True,True,True,True,0.013999999999981583
675,681,C5H7NS2,Cc1[nH]c(=S)sc1C,15,8,1,0,0,valid,,True,True,True,True,0.014000000000010004
676,682,C19H25N3OS,CCCCOc1ccc(NC(=S)Nc2ccc(N(C)C)cc2)cc1,49,24,1,0,0,valid,,True,True,True,True,0.007000000000061846
677,683,C17H20N2S,CCc1ccccc1NC(=S)Nc1ccccc1CC,40,20,1,0,0,valid,,True,True,True,True,0.007000000000005002
678,684,C23H33N3O2S,CCN(CC)CCOc1ccc(NC(=S)Nc2ccc(OCC(C)C)cc2)cc1,62,29,1,0,0,valid,,True,True,True,True,0.0070000000001755325
679,685,C23H33N3O2S,CCCCOc1ccc(NC(=S)Nc2ccc(OCCN(CC)CC)cc2)cc1,62,29,1,0,0,valid,,True,True,True,True,0.007000000000232376
680,686,C13H12N2S,S=C(Nc1ccccc1)Nc1ccccc1,28,16,1,0,0,valid,,True,True,True,True,0.007000000000005002
681,687,C15H16N2S,Cc1ccc(NC(=S)Nc2ccc(C)cc2)cc1,34,18,1,0,0,valid,,True,True,True,True,0.007000000000005002
682,688,C13H14N4S,S=C(NNc1ccccc1)NNc1ccccc1,32,18,1,0,0,valid,,True,True,True,True,0.007000000000005002
683,689,CH6N4S,NNC(=S)NN,12,6,1,0,0,valid,,True,True,True,True,0.007000000000005002
684,690,C10H13N5OS,CC(=O)Nc1ccc(C=NNC(=S)NN)cc1,30,17,1,0,0,valid,,True,True,True,True,0.007000000000033424
685,691,C8H10N4S,NNC(=S)NN=Cc1ccccc1,23,13,1,0,0,valid,,True,True,True,True,0.007000000000033424
686,692,C6H8N4OS,NNC(=S)NN=Cc1ccco1,20,12,1,0,0,valid,,True,True,True,True,0.007000000000033424
687,693,C8H9N5O2S,NNC(=S)NN=Cc1ccc([N+](=O)[O-])cc1,25,16,1,0,0,valid,,True,True,True,True,0.007000000000033424
688,694,C8H9N5O2S,NNC(=S)NN=Cc1cccc([N+](=O)[O-])c1,25,16,1,0,0,valid,,True,True,True,True,0.007000000000033424
689,695,C7H9N5S,NNC(=S)NN=Cc1cccnc1,22,13,1,0,0,valid,,True,True,True,True,0.007000000000033424
690,696,C6H9N5S,NNC(=S)NN=Cc1ccc[nH]1,21,12,1,0,0,valid,,True,True,True,True,0.007000000000033424
691,697,C11H11N5S,NNC(=S)NN=Cc1ccc2ccccc2n1,28,17,1,0,0,valid,,True,True,True,True,0.007000000000061846
692,698,C11H11N5S,NNC(=S)NN=Cc1ccnc2ccccc12,28,17,1,0,0,valid,,True,True,True,True,0.007000000000061846
693,699,C6H8N4S2,NNC(=S)NN=Cc1cccs1,20,12,1,0,0,valid,,True,True,True,True,0.014000000000038426
694,700,C7H9N3O2S2,NC(=S)NNS(=O)(=O)c1ccccc1,23,14,1,0,0,valid,,True,True,True,True,0.014000000000010004
695,701,C8H9N3OS,NC(=S)NNC(=O)c1ccccc1,22,13,1,0,0,valid,,True,True,True,True,0.007000000000033424
696,702,C8H8N4O3S,NC(=S)NNC(=O)c1ccc([N+](=O)[O-])cc1,24,16,1,0,0,valid,,True,True,True,True,0.007000000000005002
697,703,C8H8N4O3S,NC(=S)NNC(=O)c1cccc([N+](=O)[O-])c1,24,16,1,0,0,valid,,True,True,True,True,0.007000000000005002
698,704,C7H9N3S,NNC(=S)Nc1ccccc1,20,11,1,0,0,valid,,True,True,True,True,0.0069999999999765805
699,705,C9H10ClN3S,CC(=NNC(N)=S)c1ccc(Cl)cc1,24,14,1,0,0,valid,,True,True,True,True,0.010000000000019327
700,706,C10H11N3S,NC(=S)NN=CC=Cc1ccccc1,25,14,1,0,0,valid,,True,True,True,True,0.007000000000033424
701,707,C7H9N3S2,CC(=NNC(N)=S)c1cccs1,21,12,1,0,0,valid,,True,True,True,True,0.014000000000010004
702,708,C5H10N4OS,CC(=NO)C(C)=NNC(N)=S,21,11,1,0,0,valid,,True,True,True,True,0.0069999999999765805
703,709,C5H11N3S,CCC(C)=NNC(N)=S,20,9,1,0,0,valid,,True,True,True,True,0.007000000000005002
704,710,C7H13N3O2S,CCOC(=O)CC(C)=NNC(N)=S,26,13,1,0,0,valid,,True,True,True,True,0.007000000000005002
705,711,C4H9N3S,CC(C)=NNC(N)=S,17,8,1,0,0,valid,,True,True,True,True,0.007000000000005002
706,712,C9H11N3OS,COc1ccc(C=NNC(N)=S)cc1,25,14,1,0,0,valid,,True,True,True,True,0.007000000000005002
707,713,C9H11N3S,CC(=NNC(N)=S)c1ccccc1,24,13,1,0,0,valid,,True,True,True,True,0.007000000000033424
708,714,C14H20N4OS,CC(=O)Nc1ccc(C=NNC(=S)NCC(C)C)cc1,40,20,1,0,0,valid,,True,True,True,True,0.007000000000005002
709,716,C5H9N3S,CC=CC=NNC(N)=S,18,9,1,0,0,valid,,True,True,True,True,0.007000000000005002
710,717,C7H13N3S,NC(=S)NN=C1CCCCC1,24,11,1,0,0,valid,,True,True,True,True,0.006999999999948159
711,718,C10H13N3O2S2,CCS(=O)(=O)c1ccc(C=NNC(N)=S)cc1,30,17,1,0,0,valid,,True,True,True,True,0.014000000000066848
712,719,C8H17N3S,CCCCCCC=NNC(N)=S,29,12,1,0,0,valid,,True,True,True,True,0.007000000000033424
713,720,C9H11N3OS,CC(=NNC(N)=S)c1ccc(O)cc1,25,14,1,0,0,valid,,True,True,True,True,0.007000000000033424
714,721,C9H8N4OS,NC(=S)NN=C1C(=O)Nc2ccccc21,23,15,1,0,0,valid,,True,True,True,True,0.007000000000061846
715,722,C10H13N3OS,COc1ccc(C(C)=NNC(N)=S)cc1,28,15,1,0,0,valid,,True,True,True,True,0.007000000000005002
716,723,C12H11N3S,NC(=S)NN=Cc1cccc2ccccc12,27,16,1,0,0,valid,,True,True,True,True,0.007000000000005002
717,724,C8H8N4O3S,NC(=S)NN=Cc1cc([N+](=O)[O-])ccc1O,24,16,1,0,0,valid,,True,True,True,True,0.007000000000005002
718,725,C6H6N4O2S2,NC(=S)NN=Cc1ccc([N+](=O)[O-])s1,20,14,1,0,0,valid,,True,True,True,True,0.014000000000010004
719,726,C11H19N3S,CC1(C)C2CCC(C=NNC(N)=S)C1C2,34,15,1,0,0,valid,,True,True,True,True,0.007000000000005002
720,727,C9H9N3O2S,NC(=S)NN=Cc1ccc2c(c1)OCO2,24,15,1,0,0,valid,,True,True,True,True,0.0069999999999765805
721,728,C11H15N3OS,CCCOc1ccc(C=NNC(N)=S)cc1,31,16,1,0,0,valid,,True,True,True,True,0.007000000000033424
722,729,C7H8N4S,NC(=S)NN=Cc1ccccn1,20,12,1,0,0,valid,,True,True,True,True,0.007000000000033424
723,730,C7H8N4S,NC(=S)NN=Cc1cccnc1,20,12,1,0,0,valid,,True,True,True,True,0.007000000000033424
724,731,C7H8N4S,NC(=S)NN=Cc1ccncc1,20,12,1,0,0,valid,,True,True,True,True,0.007000000000033424
725,732,C11H10N4S,NC(=S)NN=Cc1ccnc2ccccc12,26,16,1,0,0,valid,,True,True,True,True,0.007000000000033424
726,733,C8H9N3OS,NC(=S)NN=Cc1ccccc1O,22,13,1,0,0,valid,,True,True,True,True,0.007000000000033424
727,734,C6H7N3S2,NC(=S)NN=Cc1cccs1,18,11,1,0,0,valid,,True,True,True,True,0.014000000000010004
728,735,C9H11N3O2S,COc1cc(C=NNC(N)=S)ccc1O,26,15,1,0,0,valid,,True,True,True,True,0.007000000000005002
729,736,C13H11N,C(=Nc1ccccc1)c1ccccc1,25,14,1,0,0,valid,,True,True,True,True,0
730,737,C6H12N2S4Zn+2,CN(C)C1=[S+][Zn]2([S]1)[S]C(N(C)C)=[S+]2,25,13,1,2,0,unsupported,"S–Zn requires compound-specific organometallic, coordination, or crystal-structure rules; the generic Lewis model does not certify it.",True,True,True,True,0.03800000000006776
731,738,C19H32N2O2S,CC(C)(C)CC(C)(C)c1ccc(OCCOCCSC(=N)N)cc1,56,24,1,0,0,valid,,True,True,True,True,0.006999999999948159
732,739,C19H20N8O5,Nc1nc(N)c2nc(CNc3ccc(C(=O)NC(CCC(=O)O)C(=O)O)cc3)cnc2n1,52,32,1,0,0,valid,,True,True,True,True,2.2737367544323206e-13
733,740,C20H22N8O5,CN(Cc1cnc2nc(N)nc(N)c2n1)c1ccc(C(=O)NC(CCC(=O)O)C(=O)O)cc1,55,33,1,0,0,valid,,True,True,True,True,2.8421709430404007e-13
734,741,C23H32O6,CC(=O)OCC(=O)C1(O)CCC2C3CCC4=CC(=O)CCC4(C)C3C(O)CC21C,61,29,1,0,0,valid,,True,True,True,True,2.8421709430404007e-13
735,742,C5H7N3O4,[N-]=[N+]=CC(=O)OCC(N)C(=O)O,19,12,1,0,0,valid,,True,True,True,True,2.842170943040401e-14
736,743,C5H6N6,Nc1nc(N)c2nc[nH]c2n1,17,11,1,0,0,valid,,True,True,True,True,0
737,744,C5H3ClN4,Clc1ncnc2[nH]cnc12,13,10,1,0,0,valid,,True,True,True,True,0.0030000000000143245
738,745,C8H16N3O2P,O=P(N1CCOCC1)(N1CC1)N1CC1,30,14,1,0,0,valid,,True,True,True,True,5.684341886080802e-14
739,746,C3H7NO2,CCOC(N)=O,13,6,1,0,0,valid,,True,True,True,True,0
740,747,C3H7NO,CNC(C)=O,12,5,1,0,0,valid,,True,True,True,True,0
741,748,CH3NO,NC=O,6,3,1,0,0,valid,,True,True,True,True,7.105427357601002e-15
742,749,C4H4N6O,Nc1nc(O)c2nn[nH]c2n1,15,11,1,0,0,valid,,True,True,True,True,2.842170943040401e-14
743,750,C6H14O6S2,CS(=O)(=O)OCCCCOS(C)(=O)=O,28,14,1,0,0,valid,,True,True,True,True,0.013999999999981583
744,751,C6H13NO2S,CCSCCC(N)C(=O)O,23,10,1,0,0,valid,,True,True,True,True,0.007000000000005002
745,752,C5H5N5S,Nc1nc(S)c2nc[nH]c2n1,16,11,1,0,0,valid,,True,True,True,True,0.007000000000033424
746,753,C5H4N4,c1ncc2nc[nH]c2n1,13,9,1,0,0,valid,,True,True,True,True,1.4210854715202004e-14
747,754,C7H9NO2S,NC(Cc1cccs1)C(=O)O,20,11,1,0,0,valid,,True,True,True,True,0.0069999999999765805
748,755,C5H4N4S,Sc1ncnc2[nH]cnc12,14,10,1,0,0,valid,,True,True,True,True,0.007000000000005002
749,756,C4H3N5O2,Oc1nc(O)c2nn[nH]c2n1,14,11,1,0,0,valid,,True,True,True,True,0
750,757,C22H25NO6,COc1cc2c(c(OC)c1OC)-c1ccc(OC)c(=O)cc1C(NC(C)=O)CC2,54,29,1,0,0,valid,,True,True,True,True,1.7053025658242404e-13
751,758,C6H13NO5,NC(C=O)C(O)C(O)C(O)CO,25,12,1,0,0,valid,,True,True,True,True,5.684341886080802e-14
752,759,C7H6N2,c1ccc2[nH]cnc2c1,15,9,1,0,0,valid,,True,True,True,True,4.263256414560601e-14
753,760,C5H5N5O,Nc1nc(O)c2cn[nH]c2n1,16,11,1,0,0,valid,,True,True,True,True,2.842170943040401e-14
754,761,C7H7NO,CC(=O)c1cccnc1,16,9,1,0,0,valid,,True,True,True,True,2.842170943040401e-14
755,762,C5H11Cl2N,CN(CCCl)CCCl,19,8,1,0,0,valid,,True,True,True,True,0.006000000000028649
756,763,C2H6OS,CS(C)=O,10,4,1,0,0,valid,,True,True,True,True,0.006999999999990791
757,764,C4H7Cl2NO2,CC(=O)NC(O)C(Cl)Cl,16,9,1,0,0,valid,,True,True,True,True,0.005999999999971806
758,765,C9H9Cl2NO2,O=C(NC(O)C(Cl)Cl)c1ccccc1,23,14,1,0,0,valid,,True,True,True,True,0.006000000000000227
759,766,C10H11Cl2NO2,O=C(Cc1ccccc1)NC(O)C(Cl)Cl,26,15,1,0,0,valid,,True,True,True,True,0.006000000000028649
760,767,C9H8ClNO2,Cc1ccc(C(=O)C(Cl)=NO)cc1,21,13,1,0,0,valid,,True,True,True,True,0.0030000000000427463
761,768,C10H10ClNO2,CC(=O)Nc1ccc(C(=O)CCl)cc1,24,14,1,0,0,valid,,True,True,True,True,0.002999999999957481
762,769,C14H10ClNO2,O=C(C(Cl)=NO)c1ccc(-c2ccccc2)cc1,28,18,1,0,0,valid,,True,True,True,True,0.0030000000000427463
763,770,C8H5NO3,O=C1c2ccccc2C(=O)N1O,17,12,1,0,0,valid,,True,True,True,True,0
764,771,C8H16N2OS2,CCN(CC)C(=S)SCCC(N)=O,29,13,1,0,0,valid,,True,True,True,True,0.013999999999981583
765,772,C8H14N2O2S2,NC(=O)CCSC(=S)N1CCOCC1,28,14,1,0,0,valid,,True,True,True,True,0.013999999999953161
766,773,C21H36O,CCCCCCCCCCCCCCCc1ccc(O)cc1,58,22,1,0,0,valid,,True,True,True,True,5.684341886080802e-14
767,774,C21H36O2,CCCCCCCCCCCCCCCc1ccc(O)c(O)c1,59,23,1,0,0,valid,,True,True,True,True,5.684341886080802e-14
768,775,C21H36O2,CCCCCCCCCCCCCCCc1ccc(O)cc1O,59,23,1,0,0,valid,,True,True,True,True,5.684341886080802e-14
769,776,C21H36O2,CCCCCCCCCCCCCCCc1cc(O)cc(O)c1,59,23,1,0,0,valid,,True,True,True,True,5.684341886080802e-14
770,777,C3H9BO3,COB(OC)OC,16,7,1,0,0,valid,,True,True,True,True,0.001999999999981128
771,778,C9H21BO3,CCCOB(OCCC)OCCC,34,13,1,0,0,valid,,True,True,True,True,0.0019999999999242846
772,779,C12H27BO3,CCCCOB(OCCCC)OCCCC,43,16,1,0,0,valid,,True,True,True,True,0.001999999999895863
773,780,C15H33BO3,CCCCCOB(OCCCCC)OCCCCC,52,19,1,0,0,valid,,True,True,True,True,0.0019999999999527063
774,781,C18H39BO3,CCCCCCOB(OCCCCCC)OCCCCCC,61,22,1,0,0,valid,,True,True,True,True,0.002000000000066393
775,782,C18H39BO3,CC(C)CC(C)OB(OC(C)CC(C)C)OC(C)CC(C)C,61,22,1,0,0,valid,,True,True,True,True,0.002000000000066393
776,783,C24H51BO3,CCCCCCCCOB(OCCCCCCCC)OCCCCCCCC,79,28,1,0,0,valid,,True,True,True,True,0.0020000000002369234
777,784,C27H57BO3,CC(C)CC(CC(C)C)OB(OC(CC(C)C)CC(C)C)OC(CC(C)C)CC(C)C,88,31,1,0,0,valid,,True,True,True,True,0.0020000000002369234
778,785,C36H75BO3,CCCCCCCCCCCCOB(OCCCCCCCCCCCC)OCCCCCCCCCCCC,115,40,1,0,0,valid,,True,True,True,True,0.0020000000004074536
779,786,C54H111BO3,CCCCCCCCCCCCCCCCCCOB(OCCCCCCCCCCCCCCCCCC)OCCCCCCCCCCCCCCCCCC,169,58,1,0,0,valid,,True,True,True,True,0.001999999999384272
780,787,C54H105BO3,CCCCCCCCC=CCCCCCCCCOB(OCCCCCCCCC=CCCCCCCCC)OCCCCCCCCC=CCCCCCCCC,163,58,1,0,0,valid,,True,True,True,True,0.001999999999497959
781,788,C18H36B2O6,CC1CC(C)(C)OB(OC(C)CC(C)(C)OB2OC(C)CC(C)(C)O2)O1,62,26,1,0,0,valid,,True,True,True,True,0.004000000000132786
782,789,C14H12O2,Cc1ccc(C(=O)Oc2ccccc2)cc1,28,16,1,0,0,valid,,True,True,True,True,2.842170943040401e-14
783,790,C27H45Br2Cl,CC(C)CCCC(C)C1CCC2C3CC(Br)C4(Br)CC(Cl)CCC4(C)C3CCC12C,75,30,1,0,0,valid,,True,True,True,True,0.0030000000000427463
784,791,C7H12O4,CCCCC(C(=O)O)C(=O)O,23,11,1,0,0,valid,,True,True,True,True,2.842170943040401e-14
785,792,C7H5Br3N2S,NC(=S)Nc1c(Br)cc(Br)cc1Br,18,13,1,0,0,valid,,True,True,True,True,0.007000000000005002
786,793,C22H19NO2,O=C(CC(CC(=O)c1ccccc1)c1ccccn1)c1ccccc1,44,25,1,0,0,valid,,True,True,True,True,1.1368683772161603e-13
787,794,C22H19NO2,O=C(CC(CC(=O)c1ccccc1)c1ccncc1)c1ccccc1,44,25,1,0,0,valid,,True,True,True,True,1.1368683772161603e-13
788,795,C15H14N2O2,CCc1ccc(C=Cc2ccc([N+](=O)[O-])cc2)nc1,33,19,1,0,0,valid,,True,True,True,True,0
789,796,C14H13NO2,O=C(CC(O)c1ccncc1)c1ccccc1,30,17,1,0,0,valid,,True,True,True,True,2.842170943040401e-14
790,797,C14H10ClNO,O=C(C=Cc1ccccn1)c1ccc(Cl)cc1,27,17,1,0,0,valid,,True,True,True,True,0.0030000000000143245
791,798,C14H11NO,O=C(C=Cc1ccccc1)c1ccccn1,27,16,1,0,0,valid,,True,True,True,True,2.842170943040401e-14
792,799,C14H11NO,O=C(C=Cc1ccccn1)c1ccccc1,27,16,1,0,0,valid,,True,True,True,True,2.842170943040401e-14
793,800,C25H18O,OC(C#Cc1ccccc1)(C#Cc1ccccc1)C=Cc1ccccc1,44,26,1,0,0,valid,,True,True,True,True,5.684341886080802e-14
794,801,C14H12O2,Cc1ccc(C(=O)c2ccc(O)cc2)cc1,28,16,1,0,0,valid,,True,True,True,True,2.842170943040401e-14
795,802,C15H12O3,O=C(O)C1Oc2ccccc2C1c1ccccc1,30,18,1,0,0,valid,,True,True,True,True,2.842170943040401e-14
796,803,C14H9Br,Brc1c2ccccc2cc2ccccc12,24,15,1,0,0,valid,,True,True,True,True,0
797,804,C12H9NO5,COC(=O)c1cc2ccccc2c([N+](=O)[O-])c1O,27,18,1,0,0,valid,,True,True,True,True,0
798,805,C7H4O7,O=C(O)c1cc(=O)c(O)c(C(=O)O)o1,18,14,1,0,0,valid,,True,True,True,True,2.842170943040401e-14
799,806,C18H15BO3,c1ccc(OB(Oc2ccccc2)Oc2ccccc2)cc1,37,22,1,0,0,valid,,True,True,True,True,0.0020000000000095497
800,807,C21H21BO3,Cc1ccccc1OB(Oc1ccccc1C)Oc1ccccc1C,46,25,1,0,0,valid,,True,True,True,True,0.0020000000000095497
801,808,C18H12BCl3O3,Clc1ccccc1OB(Oc1ccccc1Cl)Oc1ccccc1Cl,37,25,1,0,0,valid,,True,True,True,True,0.011000000000024102
802,809,C21H44O2,CCCCCCCCCCCCCCCCCCC(CO)CO,67,23,1,0,0,valid,,True,True,True,True,5.684341886080802e-14
803,810,C14H24O4,CCCCC(CCC1CCCC1)(C(=O)O)C(=O)O,42,18,1,0,0,valid,,True,True,True,True,0
804,811,C10H20N2,CN1CCCC1C1CCCNC1,32,12,1,0,0,valid,,True,True,True,True,0
805,812,C14H18O3,CCOC(=O)C(CCc1ccccc1)C(C)=O,35,17,1,0,0,valid,,True,True,True,True,0
806,813,C10H12O,CC(=O)CCc1ccccc1,23,11,1,0,0,valid,,True,True,True,True,0
807,814,C12H26S,CCCCCCCCCCCCS,39,13,1,0,0,valid,,True,True,True,True,0.0069999999999765805
808,815,C6H15NO,CC(C)OCCCN,23,8,1,0,0,valid,,True,True,True,True,1.4210854715202004e-14
809,816,C9H18O4,CCOC(OCC)C(C)(C)OC=O,31,13,1,0,0,valid,,True,True,True,True,2.842170943040401e-14
810,817,C4H8S2,CC1CSSC1,14,6,1,0,0,valid,,True,True,True,True,0.013999999999995794
811,818,C13H16O,O=C(c1ccccc1)C1CCCCC1,30,14,1,0,0,valid,,True,True,True,True,5.684341886080802e-14
812,819,C16H34O3,CC(C)CCOC(OCCC(C)C)OCCC(C)C,53,19,1,0,0,valid,,True,True,True,True,0
813,820,C4HF7O2,O=C(O)C(F)(F)C(F)(F)C(F)(F)F,14,13,1,0,0,valid,,True,True,True,True,5.684341886080802e-14
814,821,C8H16O,CC1CCCC(C)C1O,25,9,1,0,0,valid,,True,True,True,True,0
815,822,C7H9N,CCc1ccncc1,17,8,1,0,0,valid,,True,True,True,True,2.842170943040401e-14
816,823,C32H66S2,CCCCCCCCCCCCCCCCSSCCCCCCCCCCCCCCCC,100,34,1,0,0,valid,,True,True,True,True,0.014000000000578439
817,824,C10H16O4,CC1(C(=O)O)CCC(C(=O)O)C1(C)C,30,14,1,0,0,valid,,True,True,True,True,2.842170943040401e-14
818,825,C15H14O,Cc1ccc(C(=O)c2ccccc2)c(C)c1,30,16,1,0,0,valid,,True,True,True,True,2.842170943040401e-14
819,826,C12H16O,CC(=O)c1ccc(C(C)(C)C)cc1,29,13,1,0,0,valid,,True,True,True,True,5.684341886080802e-14
820,827,C14H26O4,CCCCCCCC(C(=O)OCC)C(=O)OCC,44,18,1,0,0,valid,,True,True,True,True,5.684341886080802e-14
821,828,C13H22O4,CCCC(CCC1CCCC1)(C(=O)O)C(=O)O,39,17,1,0,0,valid,,True,True,True,True,2.842170943040401e-14
822,829,C6H12O2,CCC1(C)OCCO1,20,8,1,0,0,valid,,True,True,True,True,2.842170943040401e-14
823,830,C8H7NO2,O=C(O)C=Cc1ccncc1,18,11,1,0,0,valid,,True,True,True,True,0
824,831,C18H30O8,CCOC(=O)C(CCCCC(C(=O)OCC)C(=O)OCC)C(=O)OCC,56,26,1,0,0,valid,,True,True,True,True,1.7053025658242404e-13
825,832,C18H24O6,CCOC(=O)CC(c1ccccc1)C(C(=O)OCC)C(=O)OCC,48,24,1,0,0,valid,,True,True,True,True,0
826,833,C11H14O,CC(=O)c1cc(C)c(C)cc1C,26,12,1,0,0,valid,,True,True,True,True,0
827,834,C4H6O2,OCC#CCO,12,6,1,0,0,valid,,True,True,True,True,1.4210854715202004e-14
828,835,C16H12,C1=Cc2ccccc2C1=Cc1ccccc1,28,16,1,0,0,valid,,True,True,True,True,2.842170943040401e-14
829,836,C5H8O4,CC(C)(C(=O)O)C(=O)O,17,9,1,0,0,valid,,True,True,True,True,0
830,837,C11H14O3,CC(C)OC(C(=O)O)c1ccccc1,28,14,1,0,0,valid,,True,True,True,True,2.842170943040401e-14
831,838,C5H4N4,c1ccn2nnnc2c1,13,9,1,0,0,valid,,True,True,True,True,1.4210854715202004e-14
832,839,C6H5N3,c1ccn2nncc2c1,14,9,1,0,0,valid,,True,True,True,True,4.263256414560601e-14
833,840,C6H5N5O2,Cc1cc([N+](=O)[O-])c2nnnn2c1,18,13,1,0,0,valid,,True,True,True,True,2.842170943040401e-14
834,841,C7H13N3O2,O=C1NN(C2CCCCC2)NO1,25,12,1,0,0,valid,,True,True,True,True,5.684341886080802e-14
835,842,C6H5N3O2,Cc1cnc(N=O)c(N=O)c1,16,11,1,0,0,valid,,True,True,True,True,0
836,843,C10H20O2,CCCCC(CCCC)C(=O)O,32,12,1,0,0,valid,,True,True,True,True,2.842170943040401e-14
837,844,C10H16,C=C(C)C1CC=C(C)CC1,26,10,1,0,0,valid,,True,True,True,True,0
838,845,C8H12O,CC1=CC(=O)CC(C)C1,21,9,1,0,0,valid,,True,True,True,True,1.4210854715202004e-14
839,846,C13H14O,CC1=CC(=O)CC(c2ccccc2)C1,28,14,1,0,0,valid,,True,True,True,True,2.842170943040401e-14
840,847,C6H16N2,CC(C)NCCCN,24,8,1,0,0,valid,,True,True,True,True,1.4210854715202004e-14
841,848,C9H18O,CC(C)(C)C(=O)C(C)(C)C,28,10,1,0,0,valid,,True,True,True,True,0
842,849,C11H14O,C=CCOc1cc(C)ccc1C,26,12,1,0,0,valid,,True,True,True,True,0
843,850,C10H22S,CCCCCCCCCCS,33,11,1,0,0,valid,,True,True,True,True,0.007000000000005002
844,851,C13H28S,CCCCCCCCCCCCCS,42,14,1,0,0,valid,,True,True,True,True,0.0069999999999765805
845,852,C10H12O,CCC(=O)c1ccc(C)cc1,23,11,1,0,0,valid,,True,True,True,True,0
846,853,C10H11BrO,CC1(C)Cc2cc(Br)ccc2O1,23,12,1,0,0,valid,,True,True,True,True,0
847,854,C4H10S2,CC(CS)CS,16,6,1,0,0,valid,,True,True,True,True,0.013999999999995794
848,855,C7H16N4S2,N=C(N)SCCCCCSC(=N)N,29,13,1,0,0,valid,,True,True,True,True,0.013999999999981583
849,856,C12H16O2,CCCC(=O)c1cc(C)ccc1OC,30,14,1,0,0,valid,,True,True,True,True,0
850,857,C13H18O2,CCCCC(=O)c1ccc(OC)c(C)c1,33,15,1,0,0,valid,,True,True,True,True,2.842170943040401e-14
851,858,C8H9NO2,CCc1ccc([N+](=O)[O-])cc1,20,11,1,0,0,valid,,True,True,True,True,2.842170943040401e-14
852,859,C10H13ClO3S,Cc1ccc(S(=O)(=O)OCCCCl)cc1,28,15,1,0,0,valid,,True,True,True,True,0.009999999999990905
853,860,C11H16O,CCCc1c(O)ccc(C)c1C,28,12,1,0,0,valid,,True,True,True,True,2.842170943040401e-14
854,861,C11H13BrO,Cc1cc(C)c(C(=O)CBr)c(C)c1,26,13,1,0,0,valid,,True,True,True,True,2.842170943040401e-14
855,862,C37H76S3,CCCCCCCCCCCCSC(SCCCCCCCCCCCC)SCCCCCCCCCCCC,116,40,1,0,0,valid,,True,True,True,True,0.021000000000185537
856,863,C14H10N4O4,O=[N+]([O-])c1ccc(C=NN=Cc2ccc([N+](=O)[O-])cc2)cc1,32,22,1,0,0,valid,,True,True,True,True,5.684341886080802e-14
857,864,C14H12N2O2,Oc1ccccc1C=NN=Cc1ccccc1O,30,18,1,0,0,valid,,True,True,True,True,0
858,865,C14H10Cl2N2,Clc1ccc(C=NN=Cc2ccc(Cl)cc2)cc1,28,18,1,0,0,valid,,True,True,True,True,0.006000000000028649
859,866,C16H14N4O4,CC(=NN=C(C)c1cccc([N+](=O)[O-])c1)c1cccc([N+](=O)[O-])c1,38,24,1,0,0,valid,,True,True,True,True,5.684341886080802e-14
860,867,C18H16N2,C(=Cc1ccccc1)C=NN=CC=Cc1ccccc1,36,20,1,0,0,valid,,True,True,True,True,0
861,868,C16H16N2O2,Oc1ccc(C=NCCN=Cc2ccc(O)cc2)cc1,36,20,1,0,0,valid,,True,True,True,True,0
862,869,C13H9ClN2O2,O=[N+]([O-])c1ccc(N=Cc2ccc(Cl)cc2)cc1,27,18,1,0,0,valid,,True,True,True,True,0.0029999999999290594
863,870,C16H14CuN2O2+2,C1=[N+]2CC[N+]3=Cc4ccccc4[O][Cu]23[O]c2ccccc21,35,21,1,2,0,unsupported,"O–Cu requires compound-specific organometallic, coordination, or crystal-structure rules; the generic Lewis model does not certify it.",True,True,True,True,0
864,871,C16H14N2NiO2+2,C1=[N+]2CC[N+]3=Cc4ccccc4[O][Ni]23[O]c2ccccc21,35,21,1,2,0,unsupported,"O–Ni requires compound-specific organometallic, coordination, or crystal-structure rules; the generic Lewis model does not certify it.",True,True,True,True,0
865,872,C16H14N2O2Zn+2,C1=[N+]2CC[N+]3=Cc4ccccc4[O][Zn]23[O]c2ccccc21,35,21,1,2,0,unsupported,"O–Zn requires compound-specific organometallic, coordination, or crystal-structure rules; the generic Lewis model does not certify it.",True,True,True,True,0.009999999999990905
866,873,C35H68O4,CCCCCCCCCCCCCCCCOC(=O)CC(=O)OCCCCCCCCCCCCCCCC,107,39,1,0,0,valid,,True,True,True,True,4.547473508864641e-13
867,874,C14H11Cl,Clc1ccc(C=Cc2ccccc2)cc1,26,15,1,0,0,valid,,True,True,True,True,0.0030000000000143245
868,875,C21H27NO2,CC(CC(CCC(=O)O)(c1ccccc1)c1ccccc1)N(C)C,51,24,1,0,0,valid,,True,True,True,True,5.684341886080802e-14
869,876,C21H29NO,CCC(O)C(CC(C)N(C)C)(c1ccccc1)c1ccccc1,52,23,1,0,0,valid,,True,True,True,True,0
870,877,C22H30NO+,CCC(=O)C(CC(C)[N+](C)(C)C)(c1ccccc1)c1ccccc1,54,24,1,1,0,valid,,True,True,True,True,5.684341886080802e-14
871,878,C19H26N+,CC(CC(c1ccccc1)c1ccccc1)[N+](C)(C)C,46,20,1,1,0,valid,,True,True,True,True,5.684341886080802e-14
872,879,C18H29ClN2O5,CN(C)CCC1(CCN(C)C)C(=O)CCc2ccccc21.[O-][Cl+3]([O-])([O-])O,55,26,2,0,0,valid,The canvas contains 2 disconnected components; treat it as a mixture unless the components are intentionally separate ions.,True,True,True,True,0.0030000000000427463
873,880,C9H17N,C1CCC2NCCCC2C1,27,10,1,0,0,valid,,True,True,True,True,0
874,881,C7H5NO4,O=Cc1cc([N+](=O)[O-])ccc1O,17,12,1,0,0,valid,,True,True,True,True,2.842170943040401e-14
875,882,C7H5NO5,O=C(O)c1ccc([N+](=O)[O-])cc1O,18,13,1,0,0,valid,,True,True,True,True,2.842170943040401e-14
876,883,C14H11NO5,O=C(O)c1ccc([N+](=O)[O-])cc1OCc1ccccc1,31,20,1,0,0,valid,,True,True,True,True,5.684341886080802e-14
877,884,C14H11N,N#CC(c1ccccc1)c1ccccc1,26,15,1,0,0,valid,,True,True,True,True,0
878,885,C17H22N4O,CN(C)c1ccc(C(=O)c2ccc(N(C)C)c(N)c2)cc1N,44,22,1,0,0,valid,,True,True,True,True,5.684341886080802e-14
879,886,C7H5Br2NO2,Nc1c(Br)cc(Br)cc1C(=O)O,17,12,1,0,0,valid,,True,True,True,True,0
880,887,C31H64S,CCCCCCCCCCCCCCCCCCCCCCCCCCCCCCCS,96,32,1,0,0,valid,,True,True,True,True,0.00700000000045975
881,888,C12H26O,CCCC(O)(CCC)CC(C)(C)C,39,13,1,0,0,valid,,True,True,True,True,2.842170943040401e-14
882,889,C12H25NO,CCCCCCCCCCCC(N)=O,39,14,1,0,0,valid,,True,True,True,True,2.842170943040401e-14
883,890,C5H9N,CC(C)(C)C#N,15,6,1,0,0,valid,,True,True,True,True,0
884,891,C10H20O2,CC(C)(C)COC(=O)C(C)(C)C,32,12,1,0,0,valid,,True,True,True,True,0
885,892,C8H16O,CC(C)C(=O)C(C)(C)C,25,9,1,0,0,valid,,True,True,True,True,0
886,893,C14H28O2,CC(C)(C)COC(=O)C(C)(C)CC(C)(C)C,44,16,1,0,0,valid,,True,True,True,True,2.842170943040401e-14
887,894,C11H22O2,CCC(CC)C(=O)OCC(C)(C)C,35,13,1,0,0,valid,,True,True,True,True,0
888,895,C12H16O2,CC(C)(C)COC(=O)c1ccccc1,30,14,1,0,0,valid,,True,True,True,True,2.842170943040401e-14
889,896,C8H16O,CCC(=O)CC(C)(C)C,25,9,1,0,0,valid,,True,True,True,True,0
890,897,C12H26O,CCCCCC(C)(O)CCCCC,39,13,1,0,0,valid,,True,True,True,True,5.684341886080802e-14
891,898,C8H18O,CCCCCC(C)(C)O,27,9,1,0,0,valid,,True,True,True,True,0
892,899,C10H20O,CCC(C)(C)C(=O)C(C)(C)C,31,11,1,0,0,valid,,True,True,True,True,0
893,900,C8H18O,CCC(O)(CC)C(C)C,27,9,1,0,0,valid,,True,True,True,True,2.842170943040401e-14
894,901,C14H30O,CCCCCC(O)(CCCC)CCCC,45,15,1,0,0,valid,,True,True,True,True,8.526512829121202e-14
895,902,C11H24O,CCCCC(O)(C(C)C)C(C)C,36,12,1,0,0,valid,,True,True,True,True,2.842170943040401e-14
896,903,C9H20O,CCCCCC(C)(O)CC,30,10,1,0,0,valid,,True,True,True,True,0
897,904,C8H18O,CC(C)(C)CC(C)(C)O,27,9,1,0,0,valid,,True,True,True,True,0
898,905,C14H30O,CCCCC(O)(CCCC)CC(C)(C)C,45,15,1,0,0,valid,,True,True,True,True,5.684341886080802e-14
899,906,C15H30O2,CCCOC(=O)C(CC(C)(C)C)CC(C)(C)C,47,17,1,0,0,valid,,True,True,True,True,5.684341886080802e-14
900,907,C18H36O3,CCCCCCCCCCCCCCCCC(O)C(=O)O,57,21,1,0,0,valid,,True,True,True,True,5.684341886080802e-14
901,908,C9H20O,CCCC(C)(O)C(C)(C)C,30,10,1,0,0,valid,,True,True,True,True,2.842170943040401e-14
902,909,C8H15ClO,CC(CC(C)(C)C)C(=O)Cl,25,10,1,0,0,valid,,True,True,True,True,0.002999999999985903
903,910,C14H27N,CCCCCCCCCCCCCC#N,42,15,1,0,0,valid,,True,True,True,True,5.684341886080802e-14
904,911,C10H12,CC=C(C)c1ccccc1,22,10,1,0,0,valid,,True,True,True,True,2.842170943040401e-14
905,912,C8H16O,CC(=O)C(C)C(C)(C)C,25,9,1,0,0,valid,,True,True,True,True,0
906,913,C12H24O,CC(C)(C)C(=O)C(C)(C)C(C)(C)C,37,13,1,0,0,valid,,True,True,True,True,2.842170943040401e-14
907,914,C8H16O,CC(=O)C(C)(C)C(C)C,25,9,1,0,0,valid,,True,True,True,True,0
908,915,C11H21N,CCCC(C#N)(CCC)CCC,33,12,1,0,0,valid,,True,True,True,True,0
909,916,C9H18O,CCCC(=O)CC(C)(C)C,28,10,1,0,0,valid,,True,True,True,True,0
910,917,C13H28O,CCCCCC(O)(CC)CCCCC,42,14,1,0,0,valid,,True,True,True,True,5.684341886080802e-14
911,918,C11H24O,CCCCC(O)(CC)CCCC,36,12,1,0,0,valid,,True,True,True,True,2.842170943040401e-14
912,919,C12H26O,CCCCC(O)(CCC)CCCC,39,13,1,0,0,valid,,True,True,True,True,5.684341886080802e-14
913,920,C22H46O,CCCCCCCC(O)(CCCCCCC)CCCCCCC,69,23,1,0,0,valid,,True,True,True,True,1.1368683772161603e-13
914,921,C15H32O,CCCCCC(O)(CCCC)CCCCC,48,16,1,0,0,valid,,True,True,True,True,8.526512829121202e-14
915,922,C11H24O,CCCCC(C)(O)CC(C)(C)C,36,12,1,0,0,valid,,True,True,True,True,0
916,923,C10H13Cl,CC(C)(CCl)c1ccccc1,24,11,1,0,0,valid,,True,True,True,True,0.0030000000000427463
917,924,C20H39BrO2,CCCCCCCCCCCCCCCCC(Br)C(=O)OCC,62,23,1,0,0,valid,,True,True,True,True,1.1368683772161603e-13
918,925,C14H20Cl2,CC(C)(CCl)c1ccc(C(C)(C)CCl)cc1,36,16,1,0,0,valid,,True,True,True,True,0.006000000000028649
919,926,C8H16O2,CC(CC(C)(C)C)C(=O)O,26,10,1,0,0,valid,,True,True,True,True,2.842170943040401e-14
920,927,C19H40O,CCCCCCC(O)(CCCCCC)CCCCCC,60,20,1,0,0,valid,,True,True,True,True,5.684341886080802e-14
921,928,C14H28O,CCC(=O)C(CC(C)(C)C)CC(C)(C)C,43,15,1,0,0,valid,,True,True,True,True,2.842170943040401e-14
922,929,C5H5ClO,ClCc1ccco1,12,7,1,0,0,valid,,True,True,True,True,0.002999999999971692
923,930,C10H22O,CCC(O)(CC)CC(C)(C)C,33,11,1,0,0,valid,,True,True,True,True,0
924,931,C18H34O2,CCCCCCCCCCCCCCCC=CC(=O)O,54,20,1,0,0,valid,,True,True,True,True,0
925,932,C6H12O2,CC(C)(C)COC=O,20,8,1,0,0,valid,,True,True,True,True,2.842170943040401e-14
926,933,C10H20O,CCCCCC(=O)C(C)(C)C,31,11,1,0,0,valid,,True,True,True,True,0
927,934,C12H26O,CCCCCC(C)(O)CC(C)(C)C,39,13,1,0,0,valid,,True,True,True,True,2.842170943040401e-14
928,935,C6H12O,CC(=O)C(C)(C)C,19,7,1,0,0,valid,,True,True,True,True,1.4210854715202004e-14
929,936,C13H26O2,CC(CC(C)(C)C)C(=O)OCC(C)(C)C,41,15,1,0,0,valid,,True,True,True,True,2.842170943040401e-14
930,937,C10H20O2,CC(C)CC(=O)OCC(C)(C)C,32,12,1,0,0,valid,,True,True,True,True,0
931,938,C8H16O2,CCC(CC)(CC)C(=O)O,26,10,1,0,0,valid,,True,True,True,True,2.842170943040401e-14
932,939,C6H14O,CC(O)C(C)(C)C,21,7,1,0,0,valid,,True,True,True,True,0
933,940,C8H16O,CC(C)CC(=O)C(C)C,25,9,1,0,0,valid,,True,True,True,True,0
934,941,C10H22O,CC(C)C(C)(O)CC(C)(C)C,33,11,1,0,0,valid,,True,True,True,True,0
935,942,C8H5N3O4,O=[N+]([O-])c1cccc2c(O)nnc(O)c12,20,15,1,0,0,valid,,True,True,True,True,2.842170943040401e-14
936,943,C13H28O,CCCCC(O)(CCCC)CCCC,42,14,1,0,0,valid,,True,True,True,True,5.684341886080802e-14
937,944,C7H14O,CC(=O)CC(C)(C)C,22,8,1,0,0,valid,,True,True,True,True,0
938,945,C7H14O2,CC(=O)OCC(C)(C)C,23,9,1,0,0,valid,,True,True,True,True,2.842170943040401e-14
939,946,C8H16O2,CCC(=O)OCC(C)(C)C,26,10,1,0,0,valid,,True,True,True,True,2.842170943040401e-14
940,947,C9H17ClO,CC(C)(C)C(=O)C(C)(C)CCl,28,11,1,0,0,valid,,True,True,True,True,0.002999999999985903
941,948,C12H26O,CCCCCC(O)(CCC)CCC,39,13,1,0,0,valid,,True,True,True,True,5.684341886080802e-14
942,949,C8H16O2,CCOC(=O)CC(C)(C)C,26,10,1,0,0,valid,,True,True,True,True,2.842170943040401e-14
943,950,C8H14O3,CCCCCCC(=O)C(=O)O,25,11,1,0,0,valid,,True,True,True,True,2.842170943040401e-14
944,951,C13H28O,CCCCC(O)(CCCC)C(C)(C)C,42,14,1,0,0,valid,,True,True,True,True,2.842170943040401e-14
945,952,C14H28O,CC(C)C(C)(C)C(=O)C(C)(C)C(C)(C)C,43,15,1,0,0,valid,,True,True,True,True,2.842170943040401e-14
946,953,C31H62O,CCCCCCCCCCCCCCCC(=O)CCCCCCCCCCCCCCC,94,32,1,0,0,valid,,True,True,True,True,5.115907697472721e-13
947,954,C12H26O,CC(C)CCC(O)(C(C)C)C(C)C,39,13,1,0,0,valid,,True,True,True,True,2.842170943040401e-14
948,955,C12H24O2,CC(C)(C)CC(C)(C(=O)O)C(C)(C)C,38,14,1,0,0,valid,,True,True,True,True,2.842170943040401e-14
949,956,C10H14O,CC(C)(CO)c1ccccc1,25,11,1,0,0,valid,,True,True,True,True,0
950,957,C13H20O,CC(C)(O)CC(C)(C)c1ccccc1,34,14,1,0,0,valid,,True,True,True,True,2.842170943040401e-14
951,958,C11H22O,CC(C)(C)CC(=O)CC(C)(C)C,34,12,1,0,0,valid,,True,True,True,True,0
952,959,C8H9NO2,CCOC(=O)c1ccccn1,20,11,1,0,0,valid,,True,True,True,True,0
953,960,C10H13NO2,CCCCOC(=O)c1ccccn1,26,13,1,0,0,valid,,True,True,True,True,0
954,961,C12H17NO2,CCCCCCOC(=O)c1ccccn1,32,15,1,0,0,valid,,True,True,True,True,2.842170943040401e-14
955,962,C14H21NO2,CCCCCCCCOC(=O)c1ccccn1,38,17,1,0,0,valid,,True,True,True,True,2.842170943040401e-14
956,963,C16H25NO2,CCCCCCCCCCOC(=O)c1ccccn1,44,19,1,0,0,valid,,True,True,True,True,0
957,964,C7H9N,CCc1ccccn1,17,8,1,0,0,valid,,True,True,True,True,2.842170943040401e-14
958,965,C7H9N,CCc1ccncc1,17,8,1,0,0,valid,,True,True,True,True,2.842170943040401e-14
959,966,C8H11N,CCCc1ccccn1,20,9,1,0,0,valid,,True,True,True,True,2.842170943040401e-14
960,967,C8H11N,CCCc1ccncc1,20,9,1,0,0,valid,,True,True,True,True,2.842170943040401e-14
961,968,C9H13N,CCCc1cccc(C)n1,23,10,1,0,0,valid,,True,True,True,True,0
962,969,C9H13N,CCCCc1ccccn1,23,10,1,0,0,valid,,True,True,True,True,2.842170943040401e-14
963,970,C9H13N,CCCCc1ccncc1,23,10,1,0,0,valid,,True,True,True,True,0
964,971,C10H15N,CCCCc1cccc(C)n1,26,11,1,0,0,valid,,True,True,True,True,2.842170943040401e-14
965,972,C11H17N,CCCCCc1cccc(C)n1,29,12,1,0,0,valid,,True,True,True,True,2.842170943040401e-14
966,973,C12H19N,CCCCCCc1cccc(C)n1,32,13,1,0,0,valid,,True,True,True,True,0
967,974,C16H27N,CCCCCC(CCCCC)c1ccccn1,44,17,1,0,0,valid,,True,True,True,True,0
968,975,C6H10O,C#CC(C)(O)CC,17,7,1,0,0,valid,,True,True,True,True,2.842170943040401e-14
969,976,C4H8O2,OCC=CCO,14,6,1,0,0,valid,,True,True,True,True,1.4210854715202004e-14
970,977,C4H7NO,CC(C)(O)C#N,13,6,1,0,0,valid,,True,True,True,True,1.4210854715202004e-14
971,978,C8H14O,C#CC(C)(O)CC(C)C,23,9,1,0,0,valid,,True,True,True,True,1.4210854715202004e-14
972,979,C20H22Cl2O9S,CC(=O)OCC1OC(Sc2cc(Cl)ccc2Cl)C(OC(C)=O)C(OC(C)=O)C1OC(C)=O,54,32,1,0,0,valid,,True,True,True,True,0.013000000000204182
973,980,C12H7N3S2,N#CSc1cc(SC#N)c2ccccc2c1N,24,17,1,0,0,valid,,True,True,True,True,0.013999999999953161
974,981,C20H28N2S2,CCN(CC)c1ccc(SSc2ccc(N(CC)CC)cc2)cc1,52,24,1,0,0,valid,,True,True,True,True,0.014000000000180535
975,982,C12H6Cl4S2,Clc1ccc(Cl)c(SSc2cc(Cl)ccc2Cl)c1,24,18,1,0,0,valid,,True,True,True,True,0.026000000000067303
976,983,C24H26O9S,CC(=O)OCC1OC(Sc2cccc3ccccc23)C(OC(C)=O)C(OC(C)=O)C1OC(C)=O,60,34,1,0,0,valid,,True,True,True,True,0.007000000000289219
977,984,C22H26ClNO10S,CC(=O)Nc1cc(Cl)ccc1SC1OC(COC(C)=O)C(OC(C)=O)C(OC(C)=O)C1OC(C)=O,61,35,1,0,0,valid,,True,True,True,True,0.010000000000331966
978,985,C12H10Cl2N2S2,Nc1cc(Cl)ccc1SSc1ccc(Cl)cc1N,28,18,1,0,0,valid,,True,True,True,True,0.020000000000038654
979,986,C16H14O2S2,CC(=O)c1ccc(SSc2ccc(C(C)=O)cc2)cc1,34,20,1,0,0,valid,,True,True,True,True,0.014000000000010004
980,987,C13H18N2S,CCCN(CCC)c1ccc(SC#N)cc1,34,16,1,0,0,valid,,True,True,True,True,0.0069999999999765805
981,988,C11H14N2S,CCN(CC)c1ccc(SC#N)cc1,28,14,1,0,0,valid,,True,True,True,True,0.007000000000005002
982,989,C16H20N2S2,CN(C)c1ccc(SSc2ccc(N(C)C)cc2)cc1,40,20,1,0,0,valid,,True,True,True,True,0.014000000000010004
983,990,C15H14N2S,CN(Cc1ccccc1)c1ccc(SC#N)cc1,32,18,1,0,0,valid,,True,True,True,True,0.0069999999999765805
984,991,C15H22N2S,CCCCN(CCCC)c1ccc(SC#N)cc1,40,18,1,0,0,valid,,True,True,True,True,0.006999999999948159
985,992,C12H8Br2S2,Brc1ccc(SSc2ccc(Br)cc2)cc1,24,16,1,0,0,valid,,True,True,True,True,0.014000000000010004
986,993,C16H16N2S,CCN(Cc1ccccc1)c1ccc(SC#N)cc1,35,19,1,0,0,valid,,True,True,True,True,0.007000000000005002
987,994,C14H14S2,Cc1ccc(SSc2ccc(C)cc2)cc1,30,16,1,0,0,valid,,True,True,True,True,0.014000000000038426
988,995,C14H14O2S2,COc1ccc(SSc2ccc(OC)cc2)cc1,32,18,1,0,0,valid,,True,True,True,True,0.014000000000010004
989,996,C14H21NO6,CCOc1ccc(NC2OC(CO)C(O)C(O)C2O)cc1,42,21,1,0,0,valid,,True,True,True,True,5.684341886080802e-14
990,997,C12H14Cl2O5S,OCC1OC(Sc2cc(Cl)ccc2Cl)C(O)C(O)C1O,34,20,1,0,0,valid,,True,True,True,True,0.013000000000033651
991,998,C15H22N4O4,CC(C)CC(CC(C)C)=NNc1ccc([N+](=O)[O-])cc1[N+](=O)[O-],45,23,1,0,0,valid,,True,True,True,True,1.1368683772161603e-13
992,999,C13H11N3O2,O=[N+]([O-])c1ccccc1NN=Cc1ccccc1,29,18,1,0,0,valid,,True,True,True,True,5.684341886080802e-14
993,1000,C6H12N2O2,CC(=O)NC(C)NC(C)=O,22,10,1,0,0,valid,,True,True,True,True,2.842170943040401e-14
994,1001,C11H22N2O4,CCN(CC)CCCN(CC(=O)O)CC(=O)O,39,17,1,0,0,valid,,True,True,True,True,5.684341886080802e-14
995,1002,C5H10N2O2,CC(=O)NCNC(C)=O,19,9,1,0,0,valid,,True,True,True,True,0
996,1003,C11H13NO4,O=C(O)CN(CC(=O)O)Cc1ccccc1,29,16,1,0,0,valid,,True,True,True,True,0
997,1004,C7H13NO4,CC(C)N(CC(=O)O)CC(=O)O,25,12,1,0,0,valid,,True,True,True,True,5.684341886080802e-14
998,1005,C21H18N2,C(=NC(N=Cc1ccccc1)c1ccccc1)c1ccccc1,41,23,1,0,0,valid,,True,True,True,True,0
999,1006,C9H16N2O2,CC(C)(C)CC1(C)NC(=O)NC1=O,29,13,1,0,0,valid,,True,True,True,True,2.842170943040401e-14
1000,1007,C10H18O4,CCOC(=O)C(C(=O)OCC)C(C)C,32,14,1,0,0,valid,,True,True,True,True,5.684341886080802e-14
